source_id,target_id
4a742feb-b2f2-5b15-a33c-1bdac0d62a8a,dc204a71-0783-5a1f-b2c8-4eb8ad74bfee
3358c025-edfe-5649-9995-bca8423777e2,dc204a71-0783-5a1f-b2c8-4eb8ad74bfee
04cf3199-125a-5e4b-9a15-05a5828570a3,e9c05d2c-086a-5ee6-87d9-18929737b758
563d2efd-21e9-5264-8c07-112b9f6c6281,e9c05d2c-086a-5ee6-87d9-18929737b758
6bf79092-e414-55f9-bfa0-672ceab05923,e9c05d2c-086a-5ee6-87d9-18929737b758
5fb0b246-0d82-54f8-938d-c49f7590d395,e9c05d2c-086a-5ee6-87d9-18929737b758
2ca1e436-18ed-5202-bdef-ac30f1da296c,e9c05d2c-086a-5ee6-87d9-18929737b758
1941ae8d-afe2-5eca-a68d-a6e4ddc25425,e9c05d2c-086a-5ee6-87d9-18929737b758
79d09b85-a859-5d83-8aae-227319949574,e9c05d2c-086a-5ee6-87d9-18929737b758
82c4b55d-e3f4-5ad1-831e-81e3cea3e2d9,4d28996b-f577-55fb-a546-f45c409284ce
6d4fa8e2-8166-532e-9253-804dc6e97feb,4d28996b-f577-55fb-a546-f45c409284ce
ef1189c9-79cb-59d2-9001-52ccf999f58c,e9c05d2c-086a-5ee6-87d9-18929737b758
61742852-db25-5ff9-bcd9-9038f3891dee,e9c05d2c-086a-5ee6-87d9-18929737b758
37d12d9d-555b-5154-95e9-6ea6e253b71d,e9c05d2c-086a-5ee6-87d9-18929737b758
8f34004a-21c6-5a3c-96e9-1a0f1c0fada3,e9c05d2c-086a-5ee6-87d9-18929737b758
ef3c9e67-c23d-5b85-955b-0ff36bfcac97,dc204a71-0783-5a1f-b2c8-4eb8ad74bfee
ed96fdee-0418-57d5-844b-f8bb3e222d2b,e9c05d2c-086a-5ee6-87d9-18929737b758
0172ec05-a2d1-510c-9c83-00a54f8eb2ce,e9c05d2c-086a-5ee6-87d9-18929737b758
19b197e2-8f84-5dfd-8b57-13234211adbf,4d28996b-f577-55fb-a546-f45c409284ce
532b7166-d724-5bf9-8b2f-cc78f9687e18,e9c05d2c-086a-5ee6-87d9-18929737b758
f3fbfe88-00c2-5d0a-8524-74c06c41b1ef,e9c05d2c-086a-5ee6-87d9-18929737b758
f21144cf-d630-5c7d-a9eb-4bdf06db7524,4d28996b-f577-55fb-a546-f45c409284ce
275d28f2-7787-5c93-b03c-74c3e3f64d11,e9c05d2c-086a-5ee6-87d9-18929737b758
3d1c4dd4-6273-52ae-b6e5-96701273a235,e9c05d2c-086a-5ee6-87d9-18929737b758
5f4f6f87-e537-522d-ac79-61eb1f604e2a,e9c05d2c-086a-5ee6-87d9-18929737b758
e9443294-dd84-5e0a-a3ea-51134a18996e,e9c05d2c-086a-5ee6-87d9-18929737b758
b893f442-4d65-5105-8c2d-fe5b8e05a854,e9c05d2c-086a-5ee6-87d9-18929737b758
b3121ca0-f45e-5f4e-902d-b618b6157f82,e9c05d2c-086a-5ee6-87d9-18929737b758
1a7bd1ae-580e-5513-8a3e-9ba42f929dcb,e9c05d2c-086a-5ee6-87d9-18929737b758
0ff7d55f-76c2-59c8-8417-6e1cdc3bc9f5,e9c05d2c-086a-5ee6-87d9-18929737b758
a32bbf81-837a-5e68-9c4d-f56e9b1b93fa,e9c05d2c-086a-5ee6-87d9-18929737b758
b8be070a-10fb-52b5-b7ec-f953f1ba096e,dc204a71-0783-5a1f-b2c8-4eb8ad74bfee
69049a1b-4e73-5e09-bd9d-6277d4aec23f,dc204a71-0783-5a1f-b2c8-4eb8ad74bfee
0eb811b9-921c-5be9-b1cf-a2334cda615f,dc204a71-0783-5a1f-b2c8-4eb8ad74bfee
3d0bf432-9b83-5ca7-94b5-225e8cf44466,e9c05d2c-086a-5ee6-87d9-18929737b758
366ab08d-70f2-5b63-a07d-11855c96646c,44f9e318-0171-5a05-8ed6-a954e8e9b3bf
e03854e7-bb6a-5002-96f7-a1f50a5c71a8,44f9e318-0171-5a05-8ed6-a954e8e9b3bf
f0e0bd65-c00d-5234-89c2-7a51bdcf1dd8,e9c05d2c-086a-5ee6-87d9-18929737b758
f2b23b64-f646-5a36-86a8-4ec03d643986,e9c05d2c-086a-5ee6-87d9-18929737b758
c2f9d00f-764b-56e5-82cd-1b5d8e098de4,e9c05d2c-086a-5ee6-87d9-18929737b758
57a5d81f-9118-5749-b4d5-24d1ba7fcf53,dc204a71-0783-5a1f-b2c8-4eb8ad74bfee
27a0ee8f-b980-59f4-b516-c1f9b329b6b4,e9c05d2c-086a-5ee6-87d9-18929737b758
1cc76e4e-c1e9-5e79-8d7c-c7fdb2b7a2c4,e9c05d2c-086a-5ee6-87d9-18929737b758
52c595fe-9f34-5264-b752-f45b43d9f41b,44f9e318-0171-5a05-8ed6-a954e8e9b3bf
16128a18-c056-5b01-9d94-2d811edeb77a,e9c05d2c-086a-5ee6-87d9-18929737b758
4ffd4dda-4cfa-5739-891d-bb013c272a5a,e9c05d2c-086a-5ee6-87d9-18929737b758
d6891f7c-7a6e-5114-93b6-6fb9648c8090,e9c05d2c-086a-5ee6-87d9-18929737b758
b0454f04-edee-55a5-984f-7b8ad156c4f3,4d28996b-f577-55fb-a546-f45c409284ce
493808b0-8dca-50ac-94fb-406b471130f2,e9c05d2c-086a-5ee6-87d9-18929737b758
16ff1533-8288-56cf-8ecb-64cc49ca8a14,4d28996b-f577-55fb-a546-f45c409284ce
321e0a9c-35a4-57cb-8d71-ba390c2966b1,e9c05d2c-086a-5ee6-87d9-18929737b758
bc93e206-b4cc-5782-af28-61cc0d4e72b0,e9c05d2c-086a-5ee6-87d9-18929737b758
438af8f5-888c-5d7f-ab38-8720b0eb88dd,e9c05d2c-086a-5ee6-87d9-18929737b758
ff88e17b-9fb6-5440-b610-e3e2f9a0cab7,4d28996b-f577-55fb-a546-f45c409284ce
1bb18187-aece-51c3-b5dc-b7f1e11a7660,e9c05d2c-086a-5ee6-87d9-18929737b758
47bbb8b9-784d-5398-a302-82dae92ab2f4,e9c05d2c-086a-5ee6-87d9-18929737b758
38ff0ba6-9df2-5c51-a9f6-9d9a9e5b2479,e9c05d2c-086a-5ee6-87d9-18929737b758
690badb9-d1d9-505d-bf4a-6797ccebb3f6,e9c05d2c-086a-5ee6-87d9-18929737b758
b7d94ada-4ed2-5b23-a7de-253f423c2fff,4d28996b-f577-55fb-a546-f45c409284ce
6fd8ca72-803e-5990-8854-8d95353fe272,e9c05d2c-086a-5ee6-87d9-18929737b758
1fb2c394-b99d-5bcd-b6b8-036e7a0dad97,e9c05d2c-086a-5ee6-87d9-18929737b758
5d2c5bbd-1ce9-5f53-b1d1-506000655c9b,4d28996b-f577-55fb-a546-f45c409284ce
ad6072bd-0be2-55cb-aeed-bde945e1a835,e9c05d2c-086a-5ee6-87d9-18929737b758
e0a3ad32-547b-553b-9ac4-5c5cf2942c22,e9c05d2c-086a-5ee6-87d9-18929737b758
5666af53-3f9c-5177-af32-0711bffe5e4d,e9c05d2c-086a-5ee6-87d9-18929737b758
59244d08-c35a-5ea6-a60c-1ae9f8a19f54,4d28996b-f577-55fb-a546-f45c409284ce
64117455-d540-5e22-b480-0476006d851a,4d28996b-f577-55fb-a546-f45c409284ce
f4de7368-2f5b-5422-9371-d7bfc0fd0ca9,e9c05d2c-086a-5ee6-87d9-18929737b758
b4d59e2c-66c4-5b19-ba9f-a035a5951f48,4d28996b-f577-55fb-a546-f45c409284ce
ec634405-0d30-55e8-ace8-042f517c7a05,e9c05d2c-086a-5ee6-87d9-18929737b758
34d16e24-61cc-5028-8cab-161842205657,e9c05d2c-086a-5ee6-87d9-18929737b758
a8a1b715-50f8-56c1-9c0e-f6fa32ddd7a4,44f9e318-0171-5a05-8ed6-a954e8e9b3bf
53a5b6f8-ade5-5303-accd-11154d1843e7,e9c05d2c-086a-5ee6-87d9-18929737b758
99f5a0b1-4af9-52cc-ba7f-73c3d16db183,e9c05d2c-086a-5ee6-87d9-18929737b758
928bfb0c-e142-52cf-96d6-4356c968b567,e9c05d2c-086a-5ee6-87d9-18929737b758
82ce3542-ec39-56d0-8477-41b4b113564f,e9c05d2c-086a-5ee6-87d9-18929737b758
dc7a5f97-e840-5bd6-9ffd-39127732b887,e9c05d2c-086a-5ee6-87d9-18929737b758
474afbaa-ffe4-5830-88f2-d38f38de00f8,e9c05d2c-086a-5ee6-87d9-18929737b758
96a31a5f-c347-547d-ba2b-55c74d8a5435,e9c05d2c-086a-5ee6-87d9-18929737b758
62f86a6f-da58-5189-96bd-ca9fde281923,e9c05d2c-086a-5ee6-87d9-18929737b758
22e08608-3b5b-599a-8d5e-034e7c72ed11,e9c05d2c-086a-5ee6-87d9-18929737b758
cc8e3a9a-3549-5713-bc91-fa7583d6d1e8,e9c05d2c-086a-5ee6-87d9-18929737b758
19e200a4-7913-5550-95f4-fd6711916342,e9c05d2c-086a-5ee6-87d9-18929737b758
a4729122-ba0a-5c05-a4d5-3875580fd2ec,e9c05d2c-086a-5ee6-87d9-18929737b758
9d3b3add-00f9-54de-a2d1-327c5dd2c7aa,e9c05d2c-086a-5ee6-87d9-18929737b758
4542f446-8e92-5f04-bc43-a4feed5f21fc,e9c05d2c-086a-5ee6-87d9-18929737b758
207d928c-0ef7-5869-bcdb-0e4de8366a40,e9c05d2c-086a-5ee6-87d9-18929737b758
0217ae11-48e9-538f-abd1-e2615e314e83,e9c05d2c-086a-5ee6-87d9-18929737b758
22f05f7d-cf21-549d-982e-9d67cea1a5e4,e9c05d2c-086a-5ee6-87d9-18929737b758
6d42be03-69e3-54f1-8b19-caddd2a4e170,e9c05d2c-086a-5ee6-87d9-18929737b758
879d7ce5-f95d-5bc5-aba7-e115e470fe7c,e9c05d2c-086a-5ee6-87d9-18929737b758
dd65221e-e9b7-53d2-8fb4-04f4510a6bd1,e9c05d2c-086a-5ee6-87d9-18929737b758
00ae8140-cbab-52d0-92e4-34a220b9ea6d,e9c05d2c-086a-5ee6-87d9-18929737b758
89dee1c2-8c7c-5aaa-98b7-4c89e8637e3b,e9c05d2c-086a-5ee6-87d9-18929737b758
cd6a9af1-8547-5dca-86b8-eafe2e18911a,e9c05d2c-086a-5ee6-87d9-18929737b758
06f15a3d-721e-580e-9827-120e1f855b37,e9c05d2c-086a-5ee6-87d9-18929737b758
eeaa1f5a-f875-5d7d-b9eb-c26d08f5a17d,e9c05d2c-086a-5ee6-87d9-18929737b758
2c969dfc-dd3d-5a0e-8a23-31e0bd969fde,e9c05d2c-086a-5ee6-87d9-18929737b758
4467e808-bdd8-53c3-b2a2-8ec6ee25e1cc,e9c05d2c-086a-5ee6-87d9-18929737b758
19f020ea-9a2f-59dc-a348-e81cf623a42e,e9c05d2c-086a-5ee6-87d9-18929737b758
efbd8c26-56f1-5884-a03b-aceb2725a2f9,4d28996b-f577-55fb-a546-f45c409284ce
cf6ee8e7-dfad-5457-86a7-5642924a0037,4d28996b-f577-55fb-a546-f45c409284ce
4f727d06-a704-5f96-9b39-58b874c8ff22,dc204a71-0783-5a1f-b2c8-4eb8ad74bfee
5d89370a-23d9-5e2c-a2dc-34c519f4fdb7,e9c05d2c-086a-5ee6-87d9-18929737b758
6608549e-fbdc-58d2-a7c7-c3150a958033,4d28996b-f577-55fb-a546-f45c409284ce
6e3a96c9-1751-5c61-86fb-22f6555518d1,dc204a71-0783-5a1f-b2c8-4eb8ad74bfee
72762ca6-875b-5edc-98a3-4108c2d67973,e9c05d2c-086a-5ee6-87d9-18929737b758
5b33ee23-52a9-5af2-9137-aaf223f2b82d,dc204a71-0783-5a1f-b2c8-4eb8ad74bfee
18cab9c4-65a7-5d15-ae12-dd5d1324bc94,e9c05d2c-086a-5ee6-87d9-18929737b758
b1ae62b0-e736-56dd-9661-63456c338214,4d28996b-f577-55fb-a546-f45c409284ce
cecff35c-d626-50fa-9011-0a21199e51aa,e9c05d2c-086a-5ee6-87d9-18929737b758
d720e0f1-5a0c-57d0-9af7-6af09cba86f3,4d28996b-f577-55fb-a546-f45c409284ce
f5aefe20-13a5-5b07-8860-552166d8a3ec,e9c05d2c-086a-5ee6-87d9-18929737b758
0fb30a18-7774-502c-889f-ea75d56d1ef9,e9c05d2c-086a-5ee6-87d9-18929737b758
658eec22-6369-53d8-8b5c-e5bcd0fa83d5,e9c05d2c-086a-5ee6-87d9-18929737b758
e5623e23-744f-58a6-a84c-f722379c2f27,e9c05d2c-086a-5ee6-87d9-18929737b758
04509f2c-c2e3-58ea-9c54-bfed2a453411,e9c05d2c-086a-5ee6-87d9-18929737b758
903beb1b-3b3c-52c2-bbbb-8b3011366123,e9c05d2c-086a-5ee6-87d9-18929737b758
7c8e49fa-20de-5b6b-8916-33100a09f4ee,e9c05d2c-086a-5ee6-87d9-18929737b758
9204a396-48cb-58ec-ade7-181627653a72,4d28996b-f577-55fb-a546-f45c409284ce
09bae4ec-6e1d-5bd5-999a-39c3acd7c0df,e9c05d2c-086a-5ee6-87d9-18929737b758
97e91537-d710-5b34-9492-c476d6bf6aba,e9c05d2c-086a-5ee6-87d9-18929737b758
f3712572-1a76-58f1-bf3b-d2b6e91c7430,e9c05d2c-086a-5ee6-87d9-18929737b758
e086017a-9490-5412-a659-69d4004d31b8,4d28996b-f577-55fb-a546-f45c409284ce
fefbbde1-a99c-5e84-af74-b97334b59aef,e9c05d2c-086a-5ee6-87d9-18929737b758
ee556eaf-b0e5-517c-a5ca-ba06ce81ebbd,e9c05d2c-086a-5ee6-87d9-18929737b758
cfe962e2-e9a2-53ab-868a-fcf66393f2a2,e9c05d2c-086a-5ee6-87d9-18929737b758
52bb30ab-8f34-54fa-b482-4f5908ec5d15,e9c05d2c-086a-5ee6-87d9-18929737b758
0d270605-37e5-5978-8b55-c682e89ef2d8,e9c05d2c-086a-5ee6-87d9-18929737b758
0d457793-c0b3-5f17-9773-b98ce210fecd,4d28996b-f577-55fb-a546-f45c409284ce
0c750ca0-8372-52eb-9233-20e475ad5b76,e9c05d2c-086a-5ee6-87d9-18929737b758
1edd99ac-3d8a-5638-a3d9-980d0427c0e4,e9c05d2c-086a-5ee6-87d9-18929737b758
201274a9-a2c7-5a16-9149-e75c70c5f648,dc204a71-0783-5a1f-b2c8-4eb8ad74bfee
ad92f717-5d81-5b82-8796-2f6068cbc8a8,dc204a71-0783-5a1f-b2c8-4eb8ad74bfee
b7aa03e8-9a34-5e32-97f1-0c7dc6c78d21,dc204a71-0783-5a1f-b2c8-4eb8ad74bfee
efd48f99-6dbf-5bac-ae51-da34ed75f15f,dc204a71-0783-5a1f-b2c8-4eb8ad74bfee
8a85cee3-6410-55cd-9460-f440478ce2e7,e9c05d2c-086a-5ee6-87d9-18929737b758
2131900a-964e-54cb-b4cb-02b7578bcad2,e9c05d2c-086a-5ee6-87d9-18929737b758
f90178da-fa74-52f0-847c-4d5c958ca6e3,e9c05d2c-086a-5ee6-87d9-18929737b758
5a402d27-c62c-514c-963a-cea4e819c03a,e9c05d2c-086a-5ee6-87d9-18929737b758
6ca916f6-ba86-5e71-bb89-632e85895998,dc204a71-0783-5a1f-b2c8-4eb8ad74bfee
33c3ad82-d632-5320-8163-c577148bef58,e9c05d2c-086a-5ee6-87d9-18929737b758
57e1598c-6a87-50c6-92bd-7567513eede9,e9c05d2c-086a-5ee6-87d9-18929737b758
1cca9d27-eeee-5eb0-9dfc-3af5ec558cfb,e9c05d2c-086a-5ee6-87d9-18929737b758
daaf0bbd-7dc2-532a-887a-623bb999f256,e9c05d2c-086a-5ee6-87d9-18929737b758
1639b590-8151-5b94-a696-39b563f540ef,e9c05d2c-086a-5ee6-87d9-18929737b758
0f68fa64-c17d-53aa-9f26-cb12bfb820af,e9c05d2c-086a-5ee6-87d9-18929737b758
817dfe72-e21d-51d5-a18c-bd547bc7dce5,e9c05d2c-086a-5ee6-87d9-18929737b758
5ea6c919-f839-58ce-95cb-c0449d8606d4,e9c05d2c-086a-5ee6-87d9-18929737b758
38dd0b2e-ee33-5f25-95fb-651e1e20adb0,e9c05d2c-086a-5ee6-87d9-18929737b758
131d5055-cfb8-5618-bbc8-e156238f12d1,e9c05d2c-086a-5ee6-87d9-18929737b758
5208c539-73f3-55ed-9d62-22d856a0b94c,e9c05d2c-086a-5ee6-87d9-18929737b758
2d92b1b0-9a14-5291-b6b5-3d6e8c68610f,e9c05d2c-086a-5ee6-87d9-18929737b758
f45d5904-2bb3-5b66-a909-73a874d37731,e9c05d2c-086a-5ee6-87d9-18929737b758
91f7ed18-dd8f-55db-9ad3-5672fdcc9255,e9c05d2c-086a-5ee6-87d9-18929737b758
266ecd6c-60f5-58cb-9844-924d3f76f4bd,e9c05d2c-086a-5ee6-87d9-18929737b758
8b3d59aa-b55f-543a-b481-8ea6f0618dc7,e9c05d2c-086a-5ee6-87d9-18929737b758
950cc83c-7785-5404-a423-572c0ca22e5c,e9c05d2c-086a-5ee6-87d9-18929737b758
8869ca46-d968-59d7-a107-860b76ae029e,e9c05d2c-086a-5ee6-87d9-18929737b758
3386ae2a-5ac5-52da-80d7-ad1fd258daeb,e9c05d2c-086a-5ee6-87d9-18929737b758
7b01c940-9c4e-5cf8-a132-aaa1adce5725,dc204a71-0783-5a1f-b2c8-4eb8ad74bfee
2a61fee3-5547-57bf-95ac-8660f28e204c,e9c05d2c-086a-5ee6-87d9-18929737b758
85e38bcb-1c2d-5999-bb60-f4db17163562,e9c05d2c-086a-5ee6-87d9-18929737b758
0dd86b0b-5d93-53d9-b60c-444f2cc56237,e9c05d2c-086a-5ee6-87d9-18929737b758
c3b68ee4-a05f-5f7e-a651-707fab0b1f8c,e9c05d2c-086a-5ee6-87d9-18929737b758
d4e887df-6f10-510f-a581-7a773d70e15f,e9c05d2c-086a-5ee6-87d9-18929737b758
619f2953-c595-583b-b69d-f8a5375ce082,e9c05d2c-086a-5ee6-87d9-18929737b758
0a63e971-ff44-5ab6-9f6b-6d0d98ed100a,e9c05d2c-086a-5ee6-87d9-18929737b758
68ca8238-3677-572e-b224-090ce9d8577c,e9c05d2c-086a-5ee6-87d9-18929737b758
04dd93b6-7a64-5cca-ae99-75aa6c3914e0,e9c05d2c-086a-5ee6-87d9-18929737b758
9c02eaad-9175-5622-93f8-dcb3a316b7dc,e9c05d2c-086a-5ee6-87d9-18929737b758
b15ea9ac-2440-5548-8686-3c62115faacd,e9c05d2c-086a-5ee6-87d9-18929737b758
5126fe27-634e-5134-b39d-8652b5eea199,e9c05d2c-086a-5ee6-87d9-18929737b758
3fe04ceb-759d-519b-a899-89e43eab4b5a,dc204a71-0783-5a1f-b2c8-4eb8ad74bfee
081d8bfb-8cad-5bbf-851c-5ae27858c28f,e9c05d2c-086a-5ee6-87d9-18929737b758
15248f7e-8a66-5d57-abbb-da32ca89d738,e9c05d2c-086a-5ee6-87d9-18929737b758
8dbf62d5-3065-513f-bd21-efa0c1700a44,dc204a71-0783-5a1f-b2c8-4eb8ad74bfee
32657e19-2dc9-56ec-8194-03bbe12e0459,e9c05d2c-086a-5ee6-87d9-18929737b758
676778bf-8864-528f-a8b4-b01c792c4014,e9c05d2c-086a-5ee6-87d9-18929737b758
ee01b467-0282-5963-9514-122c9b0981f2,4d28996b-f577-55fb-a546-f45c409284ce
045b213e-7411-5ed4-9997-eb57b908a040,4d28996b-f577-55fb-a546-f45c409284ce
96563504-1382-581c-8530-b493b14efc7d,4d28996b-f577-55fb-a546-f45c409284ce
590ab24b-2efe-587b-8655-e2851b83e138,4d28996b-f577-55fb-a546-f45c409284ce
219c5ca2-09fb-5200-8735-fa09f6bf72ff,4d28996b-f577-55fb-a546-f45c409284ce
cf5e60b4-57ce-5d68-88b6-165c1dee73b4,4d28996b-f577-55fb-a546-f45c409284ce
dd94127d-a8d0-543c-b95c-f0b80324c001,4d28996b-f577-55fb-a546-f45c409284ce
8b757985-6178-5103-90c3-e8dcd2913346,4d28996b-f577-55fb-a546-f45c409284ce
58aacd6b-d6bd-509b-8510-bd33758762c8,e9c05d2c-086a-5ee6-87d9-18929737b758
884d69d8-7487-5f9a-ac8f-964dd6eccb78,4d28996b-f577-55fb-a546-f45c409284ce
2b4951f2-87bf-520a-89ee-42ce4c73ea02,e9c05d2c-086a-5ee6-87d9-18929737b758
f7f13582-d02d-5e7e-b1f9-fdbb568a4631,4d28996b-f577-55fb-a546-f45c409284ce
3d7fadec-87ad-5729-ba22-ba2236e34eec,4d28996b-f577-55fb-a546-f45c409284ce
26a6fe6a-cf94-524b-87ae-574e1cc3fe74,4d28996b-f577-55fb-a546-f45c409284ce
bfb98246-770b-5e7f-97b2-7d67028ce18d,44f9e318-0171-5a05-8ed6-a954e8e9b3bf
8c32eae2-bc90-553a-8bab-bd9a284a4831,4d28996b-f577-55fb-a546-f45c409284ce
aa1b378f-7fab-56ee-85b3-81f907a8a5a8,4d28996b-f577-55fb-a546-f45c409284ce
c5ec949e-a14e-5be2-947c-c81bda62cafe,dc204a71-0783-5a1f-b2c8-4eb8ad74bfee
b71bab38-d0cf-553c-a170-8b625844cca3,e9c05d2c-086a-5ee6-87d9-18929737b758
3dba38f7-9988-5481-b7d9-5948e4b3bf29,dc204a71-0783-5a1f-b2c8-4eb8ad74bfee
aef96e47-0440-50ec-ae8a-137ace416d50,dc204a71-0783-5a1f-b2c8-4eb8ad74bfee
a70a7b1a-8ffc-59eb-b036-a21e4cff01f0,e9c05d2c-086a-5ee6-87d9-18929737b758
61bf51ff-9f14-596e-b94c-470e2438f4c0,e9c05d2c-086a-5ee6-87d9-18929737b758
60dc4c14-78bd-57fb-803d-1f0467b8bafd,dc204a71-0783-5a1f-b2c8-4eb8ad74bfee
f658e9d1-b406-5907-ae72-15856d0a436e,dc204a71-0783-5a1f-b2c8-4eb8ad74bfee
c352de6c-8d59-5dc2-a004-f13c9314957b,dc204a71-0783-5a1f-b2c8-4eb8ad74bfee
2e4f1cc8-f31e-52a0-adf4-459975b15b72,dc204a71-0783-5a1f-b2c8-4eb8ad74bfee
8ef33e13-3eee-5d46-909a-2a1b52f3d9a4,e9c05d2c-086a-5ee6-87d9-18929737b758
c3c95275-9437-57c9-8b0f-74d8d4fe9135,e9c05d2c-086a-5ee6-87d9-18929737b758
e1851d00-67a6-5663-a90f-1be5cadcc9ae,e9c05d2c-086a-5ee6-87d9-18929737b758
528ebca9-12f6-5ace-ad9b-2fb3d3390273,e9c05d2c-086a-5ee6-87d9-18929737b758
776c8766-efa0-585e-bec2-3f8fdd21c0ef,dc204a71-0783-5a1f-b2c8-4eb8ad74bfee
5f6e59cb-cd01-5f3b-8abe-262affda63da,dc204a71-0783-5a1f-b2c8-4eb8ad74bfee
780b3600-7677-5138-9ee6-c560cf1a0f86,dc204a71-0783-5a1f-b2c8-4eb8ad74bfee
fd64c329-20c0-5a75-a1c0-1c3dd68c5948,dc204a71-0783-5a1f-b2c8-4eb8ad74bfee
f8b4b04f-aaa1-5a95-a2ec-5cd4ce7862fa,e9c05d2c-086a-5ee6-87d9-18929737b758
ed9fab34-621e-55df-8a25-738706142ad2,e9c05d2c-086a-5ee6-87d9-18929737b758
a8ac5429-2981-5ea1-9faf-d8b50b692c5c,e9c05d2c-086a-5ee6-87d9-18929737b758
0c9b5d33-b996-570e-a522-2bbd458f4ea0,e9c05d2c-086a-5ee6-87d9-18929737b758
608188b3-75a0-5c51-9c1a-f0f6db64c538,dc204a71-0783-5a1f-b2c8-4eb8ad74bfee
aa2ff3c5-591a-5538-ae35-819110fdf274,dc204a71-0783-5a1f-b2c8-4eb8ad74bfee
caea33bc-3d5c-5027-8b5d-6580715d0b4d,dc204a71-0783-5a1f-b2c8-4eb8ad74bfee
b975c368-9c16-5d63-a9a4-ebc2babf29b9,dc204a71-0783-5a1f-b2c8-4eb8ad74bfee
e8360660-cb04-5f0e-8df0-497038b10517,dc204a71-0783-5a1f-b2c8-4eb8ad74bfee
8bdf8631-5179-57da-8e90-936239fb34cd,e9c05d2c-086a-5ee6-87d9-18929737b758
82dfc086-7d70-5f52-aae2-2fd32c792704,dc204a71-0783-5a1f-b2c8-4eb8ad74bfee
20b2b98e-d782-5e06-93e6-d97cda2ffe33,dc204a71-0783-5a1f-b2c8-4eb8ad74bfee
a004f3a2-7640-5267-b341-c52c016edfa7,dc204a71-0783-5a1f-b2c8-4eb8ad74bfee
e28070be-7bec-506c-991c-88162a0bc840,dc204a71-0783-5a1f-b2c8-4eb8ad74bfee
7079b16c-f966-5ffe-b87e-89dc5c8afa85,dc204a71-0783-5a1f-b2c8-4eb8ad74bfee
da73a322-309a-56b5-ab5c-a3b78d1ba5e8,dc204a71-0783-5a1f-b2c8-4eb8ad74bfee
df1fb456-659f-53a4-bb53-c2adca8ec3f4,dc204a71-0783-5a1f-b2c8-4eb8ad74bfee
d1d9641a-50dc-5537-9e6f-1b78d28b6608,dc204a71-0783-5a1f-b2c8-4eb8ad74bfee
9446cd2b-d907-5e31-a26b-bd1905297965,dc204a71-0783-5a1f-b2c8-4eb8ad74bfee
69e7933e-d4c6-5921-898f-4ff00ee096c5,dc204a71-0783-5a1f-b2c8-4eb8ad74bfee
7e9e9153-e3dd-5b82-a413-4f7153d696a6,dc204a71-0783-5a1f-b2c8-4eb8ad74bfee
daf1a531-5619-5ae9-b5be-49193823e013,e9c05d2c-086a-5ee6-87d9-18929737b758
e9949fc6-136f-5a24-a86b-700b21fee64e,dc204a71-0783-5a1f-b2c8-4eb8ad74bfee
b4ca4308-64b2-557e-aada-de95d8ab9286,dc204a71-0783-5a1f-b2c8-4eb8ad74bfee
186dcb3e-8124-5235-a60e-7de0d9240c2e,e9c05d2c-086a-5ee6-87d9-18929737b758
58c97f8e-8e65-574a-b909-e1ac6ba47d4d,4d28996b-f577-55fb-a546-f45c409284ce
9f4b4d9c-684a-5596-a0cd-c822d7ef8e65,4d28996b-f577-55fb-a546-f45c409284ce
6b4f442c-327a-5e14-a991-3ac6361c2772,4d28996b-f577-55fb-a546-f45c409284ce
bd3a6537-86dc-5859-9a46-bf3b18df1582,e9c05d2c-086a-5ee6-87d9-18929737b758
653ca126-3001-5cb8-b293-d6b21d724531,4d28996b-f577-55fb-a546-f45c409284ce
d90e1d15-d8d3-5355-9e2b-c9d94460cdcf,e9c05d2c-086a-5ee6-87d9-18929737b758
111c69ed-dbe0-5859-82de-0f401f04bf48,e9c05d2c-086a-5ee6-87d9-18929737b758
be334c97-2dae-5a6f-bd66-c3fd66c6aa9d,4d28996b-f577-55fb-a546-f45c409284ce
a81ba90f-167b-50b2-836f-4925549eb142,4d28996b-f577-55fb-a546-f45c409284ce
c1cb3839-0b2d-55b9-b493-99f08d6f3ab9,4d28996b-f577-55fb-a546-f45c409284ce
eb28d4a4-44d3-51e7-83c1-a57a80830669,e9c05d2c-086a-5ee6-87d9-18929737b758
704b8714-027d-5ac8-828f-2cd44ba7904e,4d28996b-f577-55fb-a546-f45c409284ce
912ea948-990b-5466-89e5-ee07d9e6d851,4d28996b-f577-55fb-a546-f45c409284ce
85b57994-a4c7-5722-bb2c-11860bb6d919,4d28996b-f577-55fb-a546-f45c409284ce
b49fcacb-645a-5db3-8326-bd170f1fbae6,e9c05d2c-086a-5ee6-87d9-18929737b758
788f9304-d41c-5ab6-8f61-aedd40a159b0,e9c05d2c-086a-5ee6-87d9-18929737b758
b0713ffc-2227-50cc-b0b4-3e55361bb209,4d28996b-f577-55fb-a546-f45c409284ce
3ed37f35-9ee4-59bf-af2b-d10edd14c83a,dc204a71-0783-5a1f-b2c8-4eb8ad74bfee
0155cb23-db32-57ae-b456-915131021c1c,dc204a71-0783-5a1f-b2c8-4eb8ad74bfee
f498a8e1-69a5-5b4a-9822-6e1b689b3803,dc204a71-0783-5a1f-b2c8-4eb8ad74bfee
03d27ab3-7edf-50dd-b9ea-0e26ed6188bb,dc204a71-0783-5a1f-b2c8-4eb8ad74bfee
221609e9-477b-5736-a8a7-3eb6f3698870,e9c05d2c-086a-5ee6-87d9-18929737b758
df57a53d-ba79-5605-80df-305682bd856d,e9c05d2c-086a-5ee6-87d9-18929737b758
6322cd92-4ea0-5b40-893c-55d6e19484a7,dc204a71-0783-5a1f-b2c8-4eb8ad74bfee
78e09a07-8749-5758-b099-8d56d89ab084,dc204a71-0783-5a1f-b2c8-4eb8ad74bfee
819e52ca-920d-51a2-bbef-501b894f55d7,e9c05d2c-086a-5ee6-87d9-18929737b758
be39512e-d88d-57e1-8ebc-099f1ab04abe,e9c05d2c-086a-5ee6-87d9-18929737b758
d9ef69ca-7a81-5429-83d5-77e7eb983f73,e9c05d2c-086a-5ee6-87d9-18929737b758
83556107-5146-57fb-8245-3351ba965c56,e9c05d2c-086a-5ee6-87d9-18929737b758
133d9653-d309-5038-92a0-52de479aef2d,dc204a71-0783-5a1f-b2c8-4eb8ad74bfee
15061d8c-bcff-5674-a718-154db0bedce3,e9c05d2c-086a-5ee6-87d9-18929737b758
4d4ac53f-8d33-599d-b122-3038fba2797b,dc204a71-0783-5a1f-b2c8-4eb8ad74bfee
021e3064-54dd-5f4e-91bd-4fa23389868c,dc204a71-0783-5a1f-b2c8-4eb8ad74bfee
f1fff50d-c846-5663-926f-52b827d97af8,dc204a71-0783-5a1f-b2c8-4eb8ad74bfee
38107b6d-6ef9-579a-bb37-bbc2f9deb4b1,dc204a71-0783-5a1f-b2c8-4eb8ad74bfee
b434b67d-ac5b-5c35-a047-b2c5f5a70e08,dc204a71-0783-5a1f-b2c8-4eb8ad74bfee
601533b6-d698-5396-becb-c577658b93d6,4d28996b-f577-55fb-a546-f45c409284ce
1c6a41fa-b225-5840-b53b-264c7a659d71,44f9e318-0171-5a05-8ed6-a954e8e9b3bf
38d7d586-b2ca-539c-9c07-8545b441282f,dc204a71-0783-5a1f-b2c8-4eb8ad74bfee
696c7292-3518-55b0-86c5-8d2c9e9676fb,dc204a71-0783-5a1f-b2c8-4eb8ad74bfee
fbcb1057-3592-54b6-aca2-5f3b0772cfcb,dc204a71-0783-5a1f-b2c8-4eb8ad74bfee
e3212246-da85-5d36-a2ad-d3f03a222e84,dc204a71-0783-5a1f-b2c8-4eb8ad74bfee
3d78390c-12c8-505e-960d-ae79f0185bac,dc204a71-0783-5a1f-b2c8-4eb8ad74bfee
a1ef5d82-b835-5231-97f8-7d961603c3a6,dc204a71-0783-5a1f-b2c8-4eb8ad74bfee
f344ff22-ea8d-5645-8fa3-8cd197c90fed,dc204a71-0783-5a1f-b2c8-4eb8ad74bfee
62b1f272-15b2-5ff3-8275-8ae4936a684d,dc204a71-0783-5a1f-b2c8-4eb8ad74bfee
09c85d4e-9450-5479-9342-42bf2193041d,dc204a71-0783-5a1f-b2c8-4eb8ad74bfee
f3cbc141-4424-5dc6-9c3a-a3959d0751ed,dc204a71-0783-5a1f-b2c8-4eb8ad74bfee
4914301b-6284-5022-8f1e-fc1c03a47255,dc204a71-0783-5a1f-b2c8-4eb8ad74bfee
67f8b1f0-de5f-575f-812b-130091f1d442,dc204a71-0783-5a1f-b2c8-4eb8ad74bfee
cc660265-92f6-5c5f-a9e9-2844f72a7e38,dc204a71-0783-5a1f-b2c8-4eb8ad74bfee
fb0e7c00-b89b-5651-a022-499fd45948d0,dc204a71-0783-5a1f-b2c8-4eb8ad74bfee
ce3ab26d-8cc9-563e-9311-754aa87b398b,dc204a71-0783-5a1f-b2c8-4eb8ad74bfee
0c8394fe-23ee-52ca-b05d-74cadc72247c,dc204a71-0783-5a1f-b2c8-4eb8ad74bfee
5b8b1c41-eacd-5fc4-adfd-b6fe87a6aea1,dc204a71-0783-5a1f-b2c8-4eb8ad74bfee
bbc06b42-8ffe-53ba-9936-e5b0ec9af41d,dc204a71-0783-5a1f-b2c8-4eb8ad74bfee
209cd715-f62f-576d-b037-4050e45fb69a,dc204a71-0783-5a1f-b2c8-4eb8ad74bfee
2a198f79-2f72-51f2-bba3-57c99be25100,dc204a71-0783-5a1f-b2c8-4eb8ad74bfee
b6c3c1b2-0b89-57b7-af92-05a8d28e37aa,dc204a71-0783-5a1f-b2c8-4eb8ad74bfee
eeb307ca-7464-574e-9269-ed668b931c0a,dc204a71-0783-5a1f-b2c8-4eb8ad74bfee
9644de7c-53c2-5a48-b698-0b4a62ade276,dc204a71-0783-5a1f-b2c8-4eb8ad74bfee
3bbb55ed-a923-5e11-b379-3c73bbc239fc,dc204a71-0783-5a1f-b2c8-4eb8ad74bfee
f27a64d1-0f07-5bf1-a763-2920609dd411,dc204a71-0783-5a1f-b2c8-4eb8ad74bfee
3041d520-d47b-513f-a140-bbd248381cb4,dc204a71-0783-5a1f-b2c8-4eb8ad74bfee
8d7de63c-46b0-5e66-859b-fe25faa8c0b3,dc204a71-0783-5a1f-b2c8-4eb8ad74bfee
aa97fef9-a291-5df4-bebd-4449a0f74f31,dc204a71-0783-5a1f-b2c8-4eb8ad74bfee
9151e49f-a8e9-55f7-a77f-38f3e9e4c1de,dc204a71-0783-5a1f-b2c8-4eb8ad74bfee
504bd20e-c298-5f72-84af-3040cea366db,dc204a71-0783-5a1f-b2c8-4eb8ad74bfee
377c1969-9c66-5e4e-b1c3-e66a0d791e5e,dc204a71-0783-5a1f-b2c8-4eb8ad74bfee
98f9f73a-f284-5eb8-9095-142cde64f455,dc204a71-0783-5a1f-b2c8-4eb8ad74bfee
4c8e9350-5213-5704-bf76-db018f15fe4f,dc204a71-0783-5a1f-b2c8-4eb8ad74bfee
4ef4a732-b862-56b7-841b-062063153104,dc204a71-0783-5a1f-b2c8-4eb8ad74bfee
30c8c3d2-f31d-5b33-a919-a996ff6d4e28,4d28996b-f577-55fb-a546-f45c409284ce
8f2eb19b-ea7c-53ee-9640-24dc9b1e6652,4d28996b-f577-55fb-a546-f45c409284ce
ea814dbe-ad2f-58a9-af19-26555701b131,e9c05d2c-086a-5ee6-87d9-18929737b758
862f1adf-78a7-5a9d-86c8-71b834d7d530,e9c05d2c-086a-5ee6-87d9-18929737b758
2a35c0d3-6e24-5a5f-8e28-c83e142c0829,e9c05d2c-086a-5ee6-87d9-18929737b758
b5d86fdd-aa51-5b24-bb4c-442be13ba750,e9c05d2c-086a-5ee6-87d9-18929737b758
f7698306-a10e-5381-8d4c-44d01fce95e1,e9c05d2c-086a-5ee6-87d9-18929737b758
86efe11d-c0f1-59e9-9580-0d383021706e,e9c05d2c-086a-5ee6-87d9-18929737b758
46ea7372-c34d-5052-a166-21000a9c08e8,dc204a71-0783-5a1f-b2c8-4eb8ad74bfee
eab2efb3-c841-50ad-9a4f-6175ae0987c9,e9c05d2c-086a-5ee6-87d9-18929737b758
ec80f84c-762b-544f-9971-337f74258516,e9c05d2c-086a-5ee6-87d9-18929737b758
b174f798-4d7b-5a59-8edc-5f25602b7867,e9c05d2c-086a-5ee6-87d9-18929737b758
9b1fc672-025c-5ef9-94e9-cdf267da9510,e9c05d2c-086a-5ee6-87d9-18929737b758
bb75b812-0a7e-514f-8539-fdfaa876a983,dc204a71-0783-5a1f-b2c8-4eb8ad74bfee
e3a92c70-a975-51aa-94f2-1f6b0aba49d2,e9c05d2c-086a-5ee6-87d9-18929737b758
b6cb6a7f-9c4e-5013-9a5a-cf3bc9465249,4d28996b-f577-55fb-a546-f45c409284ce
3b419db1-6387-5a41-bace-e555775d5e29,e9c05d2c-086a-5ee6-87d9-18929737b758
8a9fdcee-7290-5bbc-9648-9a608a60f400,4d28996b-f577-55fb-a546-f45c409284ce
a5bba038-2baf-5249-b671-ac3db35869f2,dc204a71-0783-5a1f-b2c8-4eb8ad74bfee
e22584d8-d7dd-5575-a91f-423dc0d7feed,dc204a71-0783-5a1f-b2c8-4eb8ad74bfee
2a24695a-4484-55ba-bc7e-5f565a6fff3a,e9c05d2c-086a-5ee6-87d9-18929737b758
f0398f2e-c680-5133-8c15-438917259ccf,dc204a71-0783-5a1f-b2c8-4eb8ad74bfee
363ffbda-6a2b-5d92-9dc3-a50aa6ec1bed,4d28996b-f577-55fb-a546-f45c409284ce
795957bd-9b52-5f01-80ef-d10abf6122a6,dc204a71-0783-5a1f-b2c8-4eb8ad74bfee
afdafc2b-23a9-5ee2-97b8-5b6e0cf47d6d,dc204a71-0783-5a1f-b2c8-4eb8ad74bfee
e21449d8-2cdc-5373-80ca-36515056f859,4d28996b-f577-55fb-a546-f45c409284ce
70e1e468-9aad-5906-9d6a-56186ad529c5,4d28996b-f577-55fb-a546-f45c409284ce
0397e281-c39f-5bc8-b7b3-f2aff6ed5fc0,dc204a71-0783-5a1f-b2c8-4eb8ad74bfee
1b47ab77-1277-52f5-ad35-1909dd5cf636,e9c05d2c-086a-5ee6-87d9-18929737b758
369ee6fe-1d13-5713-969e-b89cf6cb8318,4d28996b-f577-55fb-a546-f45c409284ce
0c86c41b-7517-55df-a351-0d309f42a0cc,4d28996b-f577-55fb-a546-f45c409284ce
b16bba84-7c02-52bd-82c2-dfb3751acb0f,e9c05d2c-086a-5ee6-87d9-18929737b758
9ae4878b-ac13-5ba5-8c41-54ad40d69c32,e9c05d2c-086a-5ee6-87d9-18929737b758
82c970e7-e4e6-5a11-8b9d-f2145783da43,4d28996b-f577-55fb-a546-f45c409284ce
d843a441-0b57-5ed8-b57b-c999233f2e4f,44f9e318-0171-5a05-8ed6-a954e8e9b3bf
c50d3973-08aa-523b-b9ec-eb6f3a326844,e9c05d2c-086a-5ee6-87d9-18929737b758
15bde5ba-facd-5afa-822e-03558a6bfe2a,e9c05d2c-086a-5ee6-87d9-18929737b758
9b1a4586-f947-55e6-ad1b-254df6eeaf62,4d28996b-f577-55fb-a546-f45c409284ce
14d74f77-648d-55a3-92e8-9c5e10901ad8,dc204a71-0783-5a1f-b2c8-4eb8ad74bfee
352959c5-63a5-51b7-979b-7095bbfc4b1e,44f9e318-0171-5a05-8ed6-a954e8e9b3bf
55fdedd8-8940-58ed-a2fe-fc6eecfa2823,e9c05d2c-086a-5ee6-87d9-18929737b758
093b968d-0eee-501e-abb3-24dc8c43ed9f,e9c05d2c-086a-5ee6-87d9-18929737b758
686f4a85-56f4-5025-9296-b6ab40993e56,e9c05d2c-086a-5ee6-87d9-18929737b758
a1f1e412-55f7-5090-befc-b1de8d40ac44,e9c05d2c-086a-5ee6-87d9-18929737b758
186f0520-0404-56c9-9920-950deae7831d,44f9e318-0171-5a05-8ed6-a954e8e9b3bf
c9122406-1e4b-53bd-abc4-7b197e0b98a7,e9c05d2c-086a-5ee6-87d9-18929737b758
e5496c8e-8789-572b-b79b-53a0ffccd481,44f9e318-0171-5a05-8ed6-a954e8e9b3bf
07086801-0efe-5e20-a6f8-4507f97b5eb6,4d28996b-f577-55fb-a546-f45c409284ce
1bf9641e-3217-5775-8c87-97c386517205,4d28996b-f577-55fb-a546-f45c409284ce
ffe21c2e-3930-5d56-84b4-66ff0bc2ee63,e9c05d2c-086a-5ee6-87d9-18929737b758
b59c0fff-31c1-58b1-8bbf-34caf0a48744,e9c05d2c-086a-5ee6-87d9-18929737b758
7f6fd6ff-6c69-53c5-a9ef-266e979480ca,44f9e318-0171-5a05-8ed6-a954e8e9b3bf
b18455c3-ec2c-577b-b6aa-a768c21853f3,e9c05d2c-086a-5ee6-87d9-18929737b758
d85f6c90-333d-59c3-a0e7-db4ab315f7b8,e9c05d2c-086a-5ee6-87d9-18929737b758
c1362c3a-da0c-578c-b387-c85fdf1f859a,e9c05d2c-086a-5ee6-87d9-18929737b758
8d46f6e4-ffc0-5367-a91c-740d21e8fc18,e9c05d2c-086a-5ee6-87d9-18929737b758
beb3830a-f13e-5fdd-88e6-3cdb3d03e0ef,e9c05d2c-086a-5ee6-87d9-18929737b758
3a90c305-8f3c-5574-9e22-68667e6f8628,e9c05d2c-086a-5ee6-87d9-18929737b758
fc746138-ea0b-556a-b036-ec31c83d59a4,e9c05d2c-086a-5ee6-87d9-18929737b758
79517dae-fa70-5c0e-bc16-827b6f77db76,e9c05d2c-086a-5ee6-87d9-18929737b758
a1375e0f-369f-5c93-9186-64a0cc81cef7,4d28996b-f577-55fb-a546-f45c409284ce
0e522588-4283-5e88-b7b3-d789545e7cb2,4d28996b-f577-55fb-a546-f45c409284ce
c6f17c12-9fd2-5442-990f-62f7f4a4b8bc,4d28996b-f577-55fb-a546-f45c409284ce
409623c3-a413-5111-a9aa-809aff73fa02,4d28996b-f577-55fb-a546-f45c409284ce
f9f562c0-f3fc-586c-b568-b56786504eaf,4d28996b-f577-55fb-a546-f45c409284ce
559de5a8-7b19-543f-9402-a8038ae7a38d,4d28996b-f577-55fb-a546-f45c409284ce
bf1bfd81-eeaf-56ce-acbd-0fddb2b07d75,4d28996b-f577-55fb-a546-f45c409284ce
48754489-eb69-5edd-a37e-d9ffd6f8113f,e9c05d2c-086a-5ee6-87d9-18929737b758
fc9c27b9-a367-56f9-b794-f49d375f833e,dc204a71-0783-5a1f-b2c8-4eb8ad74bfee
da1b2e20-ad35-568c-bf54-b830d5a106f5,dc204a71-0783-5a1f-b2c8-4eb8ad74bfee
f4bd4eb4-749d-500c-8349-2c7cf6c76c34,dc204a71-0783-5a1f-b2c8-4eb8ad74bfee
8be148c3-da7b-5964-a24f-db89128a59b3,dc204a71-0783-5a1f-b2c8-4eb8ad74bfee
a16ad669-d72c-5a89-abf9-1c063f493288,dc204a71-0783-5a1f-b2c8-4eb8ad74bfee
8d00d93a-fc8a-57ae-a617-3b9ed62b9fb5,dc204a71-0783-5a1f-b2c8-4eb8ad74bfee
7232e87e-2cdc-504c-94e7-3c3a0624533f,dc204a71-0783-5a1f-b2c8-4eb8ad74bfee
f3f0ad67-f305-5f87-a301-7d142fdbd38b,dc204a71-0783-5a1f-b2c8-4eb8ad74bfee
298d1081-ee45-5818-89eb-7d46e2d2a763,dc204a71-0783-5a1f-b2c8-4eb8ad74bfee
faa5b0dd-dc98-5047-b292-96827c7f5fe3,dc204a71-0783-5a1f-b2c8-4eb8ad74bfee
184f2772-d3ed-57ba-a65d-58cb25437437,dc204a71-0783-5a1f-b2c8-4eb8ad74bfee
6835469f-c42e-5f85-8e38-7aa463a28116,dc204a71-0783-5a1f-b2c8-4eb8ad74bfee
05a1a6ea-9a02-500b-9e64-705c95568a03,dc204a71-0783-5a1f-b2c8-4eb8ad74bfee
b86374cc-9d78-560e-8cf2-ad61ce557c19,dc204a71-0783-5a1f-b2c8-4eb8ad74bfee
c4e86644-0b50-5769-be33-8eb0c4236306,4d28996b-f577-55fb-a546-f45c409284ce
51924bc4-b99b-5d2b-b338-2f405f2d2444,e9c05d2c-086a-5ee6-87d9-18929737b758
807e2c39-c7c6-54a0-b2b4-561dc79a6983,4d28996b-f577-55fb-a546-f45c409284ce
9d48769c-6781-57ca-82dc-0d4cecdb97ab,dc204a71-0783-5a1f-b2c8-4eb8ad74bfee
e57d30a1-f38d-57ef-ba86-733332746cf3,e9c05d2c-086a-5ee6-87d9-18929737b758
cba1f258-8972-5b2a-931b-844778269613,dc204a71-0783-5a1f-b2c8-4eb8ad74bfee
0fc0bbba-1183-5ed3-ae64-f6710ab40bea,e9c05d2c-086a-5ee6-87d9-18929737b758
46591caf-886b-54f5-8914-c75dd0a85c63,dc204a71-0783-5a1f-b2c8-4eb8ad74bfee
b29228f0-9c4e-5f34-8356-7fc2a44f29cf,e9c05d2c-086a-5ee6-87d9-18929737b758
67643193-3803-5683-81fd-3baeb51573b0,e9c05d2c-086a-5ee6-87d9-18929737b758
a3d07017-7279-57af-81af-2d602a489695,dc204a71-0783-5a1f-b2c8-4eb8ad74bfee
52b6ac3c-28d6-51e3-8da1-31804a7cafdf,e9c05d2c-086a-5ee6-87d9-18929737b758
18cc2dc9-a17a-582a-bf24-6dbe2da38638,dc204a71-0783-5a1f-b2c8-4eb8ad74bfee
dc4ce749-5461-50f7-9321-951ddb91fdb0,dc204a71-0783-5a1f-b2c8-4eb8ad74bfee
d15a1560-ed88-5928-8df8-28eb4808eb85,dc204a71-0783-5a1f-b2c8-4eb8ad74bfee
aa2c0fbf-d315-55ba-a3f9-7a19cffe5418,dc204a71-0783-5a1f-b2c8-4eb8ad74bfee
50b3bf86-209a-5f25-954a-96a73cccd8a5,dc204a71-0783-5a1f-b2c8-4eb8ad74bfee
a1488986-e788-5bd8-9fc5-ac7aa08c9d40,dc204a71-0783-5a1f-b2c8-4eb8ad74bfee
2dfe91fe-0069-5ba3-bc23-f293450d32eb,dc204a71-0783-5a1f-b2c8-4eb8ad74bfee
07b07936-4c3f-5116-9aa6-6f429c28bbee,dc204a71-0783-5a1f-b2c8-4eb8ad74bfee
3f6496f7-a938-5b42-b107-17ac10e3304e,dc204a71-0783-5a1f-b2c8-4eb8ad74bfee
8c7c7297-a108-58bf-bb1c-431f59fe99b0,dc204a71-0783-5a1f-b2c8-4eb8ad74bfee
d0c9585d-5ae2-5353-8ed4-127bf52b79b4,dc204a71-0783-5a1f-b2c8-4eb8ad74bfee
07547783-0537-5d64-9fbb-55a963aa1610,dc204a71-0783-5a1f-b2c8-4eb8ad74bfee
7f8eaa2f-d21c-5f3c-805f-6bfba6b9930a,dc204a71-0783-5a1f-b2c8-4eb8ad74bfee
f0f6405f-3f03-53bf-bb22-09301f17a189,dc204a71-0783-5a1f-b2c8-4eb8ad74bfee
bc649eea-ba33-5798-a94c-f507c12e6b98,dc204a71-0783-5a1f-b2c8-4eb8ad74bfee
4c6f0ce0-1abd-5050-89d2-1edd5d140fc3,dc204a71-0783-5a1f-b2c8-4eb8ad74bfee
dbb35407-0947-5692-bdaf-e8809f650a90,dc204a71-0783-5a1f-b2c8-4eb8ad74bfee
d074cd7e-73fa-55a4-8d7d-4ef3a1118a5e,dc204a71-0783-5a1f-b2c8-4eb8ad74bfee
f6e64871-b731-5eab-8692-d5c6066fa2b8,dc204a71-0783-5a1f-b2c8-4eb8ad74bfee
597fba00-a182-58fe-8554-f5664b71fd0c,dc204a71-0783-5a1f-b2c8-4eb8ad74bfee
838776dc-7c6d-5661-b80d-5a26c29f36f6,dc204a71-0783-5a1f-b2c8-4eb8ad74bfee
a026132f-3eed-5ba9-bb8d-a5828aa438e4,dc204a71-0783-5a1f-b2c8-4eb8ad74bfee
0699c008-64df-5a76-af01-2bceff2ed37f,dc204a71-0783-5a1f-b2c8-4eb8ad74bfee
e6bcd2ab-02ef-527b-9edf-94a2b23330c3,dc204a71-0783-5a1f-b2c8-4eb8ad74bfee
753b82f0-afbc-5152-8630-c374eeb0c2b7,dc204a71-0783-5a1f-b2c8-4eb8ad74bfee
ee580f28-a56f-5917-b4ec-0eb99ecce3dd,dc204a71-0783-5a1f-b2c8-4eb8ad74bfee
5aafc46c-f51b-5a9c-994f-8be5fe5f5710,dc204a71-0783-5a1f-b2c8-4eb8ad74bfee
e342ad4b-9133-59ec-b56a-b8550a5dce9b,4d28996b-f577-55fb-a546-f45c409284ce
be72994b-354c-53f8-b04a-552284100e4b,dc204a71-0783-5a1f-b2c8-4eb8ad74bfee
02591b2d-caf7-59db-9612-e4ee41e8d333,dc204a71-0783-5a1f-b2c8-4eb8ad74bfee
88763ff3-4ba4-511e-ab51-de9bd990e9bb,e9c05d2c-086a-5ee6-87d9-18929737b758
1093a5d6-d272-5b02-9efd-e7b311fad0c0,e9c05d2c-086a-5ee6-87d9-18929737b758
be123532-ac70-5089-9bd0-7f2ad1b0698f,dc204a71-0783-5a1f-b2c8-4eb8ad74bfee
24858a3d-638a-54d6-b015-5144d3572505,e9c05d2c-086a-5ee6-87d9-18929737b758
a6cf170d-d006-5bc1-b527-96f42726dc61,4d28996b-f577-55fb-a546-f45c409284ce
9fabf82f-fad5-5575-b776-f89bcee0175a,4d28996b-f577-55fb-a546-f45c409284ce
02f94209-cfe1-543d-b38a-66e5eaf59fb1,4d28996b-f577-55fb-a546-f45c409284ce
c6413a74-7846-52bb-a75e-dd3f717805b7,4d28996b-f577-55fb-a546-f45c409284ce
ce029489-e2fb-55f6-8691-24a05a549283,4d28996b-f577-55fb-a546-f45c409284ce
cb5afec5-95cd-548b-aa7d-d9720042d232,4d28996b-f577-55fb-a546-f45c409284ce
c45092f6-805f-5d39-8c03-e0a3bd17b1b3,4d28996b-f577-55fb-a546-f45c409284ce
959ae004-b542-5223-a5bd-f06446dc12eb,e9c05d2c-086a-5ee6-87d9-18929737b758
a7f60117-dd81-5d96-b1d9-2d8728de1171,4d28996b-f577-55fb-a546-f45c409284ce
2711168e-6100-514c-be1d-774514d09edf,4d28996b-f577-55fb-a546-f45c409284ce
c06e7813-bbbc-5dd9-abf2-0f0b156a8e8f,4d28996b-f577-55fb-a546-f45c409284ce
9c409295-a562-5ba8-8f0a-c4c1904cc126,4d28996b-f577-55fb-a546-f45c409284ce
5dbd4e0d-fa0a-5b8d-a44f-f51c148bd61e,4d28996b-f577-55fb-a546-f45c409284ce
911d9483-d7e9-5420-905f-14319a19893b,4d28996b-f577-55fb-a546-f45c409284ce
0120a6e5-6738-503c-857d-6c8244dc959e,4d28996b-f577-55fb-a546-f45c409284ce
2c58e1c9-2780-5172-8b7f-d1ba2c8a885b,4d28996b-f577-55fb-a546-f45c409284ce
f40a1cf2-576b-54c9-942e-30ef28e71d50,4d28996b-f577-55fb-a546-f45c409284ce
ee67726f-3dc4-53a5-9815-a52f78ac0723,4d28996b-f577-55fb-a546-f45c409284ce
9de61413-4ee5-58af-97cc-56f091283575,4d28996b-f577-55fb-a546-f45c409284ce
8f9e884b-d762-5340-9fe0-3b3349ce0109,dc204a71-0783-5a1f-b2c8-4eb8ad74bfee
edecc251-87d5-5856-9db3-08863e98c57a,4d28996b-f577-55fb-a546-f45c409284ce
a8666c1f-ea2d-51d4-bcfa-7a5e4592652a,4d28996b-f577-55fb-a546-f45c409284ce
d7d1e670-b764-524d-9de8-99770b9cd75e,4d28996b-f577-55fb-a546-f45c409284ce
91d056ff-1e30-5a3f-96af-35278aba17e6,4d28996b-f577-55fb-a546-f45c409284ce
ff18a00f-1776-561f-a637-2dd93f38c5d5,4d28996b-f577-55fb-a546-f45c409284ce
506d5e7c-dc9f-59a1-84cf-824695147c16,dc204a71-0783-5a1f-b2c8-4eb8ad74bfee
986e91be-5af9-59ed-80ec-932577f0c18c,dc204a71-0783-5a1f-b2c8-4eb8ad74bfee
5b726e75-c0cf-5ae0-a868-64cdc86d8096,4d28996b-f577-55fb-a546-f45c409284ce
eef668bd-8878-54d4-b7c4-a17cf8d1c5e5,dc204a71-0783-5a1f-b2c8-4eb8ad74bfee
77ca62c3-d528-5415-9c5b-6623fd579dbc,44f9e318-0171-5a05-8ed6-a954e8e9b3bf
a9c72b55-28f4-53bf-9f03-1dddcbd0c085,44f9e318-0171-5a05-8ed6-a954e8e9b3bf
b03e7d59-9309-514a-9dca-50bcb328f57c,4d28996b-f577-55fb-a546-f45c409284ce
97af5671-3443-5c82-98a5-9e62b9b72339,44f9e318-0171-5a05-8ed6-a954e8e9b3bf
c74f0248-d872-542b-9ed0-a1affea1740d,44f9e318-0171-5a05-8ed6-a954e8e9b3bf
ae9e8311-3846-56dc-8352-3f28345f1ade,4d28996b-f577-55fb-a546-f45c409284ce
0bc35d72-454a-5cca-84b5-18776dd49469,4d28996b-f577-55fb-a546-f45c409284ce
961cf994-82df-51d8-b935-175712dd5000,4d28996b-f577-55fb-a546-f45c409284ce
fbd7904f-9bbe-5d07-99a3-61fd87a35fa1,44f9e318-0171-5a05-8ed6-a954e8e9b3bf
7381cbca-c536-516d-891a-a91900f8cb4c,4d28996b-f577-55fb-a546-f45c409284ce
893218e3-a977-56de-91ee-2663ec407dcc,4d28996b-f577-55fb-a546-f45c409284ce
aed23504-7a0a-510e-98c8-c94da88760c2,4d28996b-f577-55fb-a546-f45c409284ce
616eddcc-9c36-5ae4-98c3-e4a246cba116,44f9e318-0171-5a05-8ed6-a954e8e9b3bf
01b1ff4a-e1a2-5b8d-99bd-5b6a3efd9826,4d28996b-f577-55fb-a546-f45c409284ce
bfd3fe78-28ee-5834-953c-f6b9eb5a3526,44f9e318-0171-5a05-8ed6-a954e8e9b3bf
4adb43a8-abe8-53d8-9d38-4264a513f36e,44f9e318-0171-5a05-8ed6-a954e8e9b3bf
34871485-47b1-58e9-bd69-77bc3dbf71f6,4d28996b-f577-55fb-a546-f45c409284ce
9de08371-e8c7-5e80-b98c-d065a40d6392,4d28996b-f577-55fb-a546-f45c409284ce
288f4c50-886f-5c13-9257-6db3576158a6,44f9e318-0171-5a05-8ed6-a954e8e9b3bf
c98cb8b0-2e25-53d3-bc57-5cc1483993de,4d28996b-f577-55fb-a546-f45c409284ce
c34fae08-4853-59f0-9f52-a4cd98c7a5c3,44f9e318-0171-5a05-8ed6-a954e8e9b3bf
35ac28f8-83c1-5792-b680-7ae768d78f5e,4d28996b-f577-55fb-a546-f45c409284ce
bf0ac17b-3e69-508e-a827-b3b2f39ecca1,44f9e318-0171-5a05-8ed6-a954e8e9b3bf
f6b9d6e2-7f67-5986-84c6-9da5084edc2e,4d28996b-f577-55fb-a546-f45c409284ce
6d880cbb-e66e-5297-b226-917570243cf1,4d28996b-f577-55fb-a546-f45c409284ce
2c65575c-ea20-5b71-ae52-7d5840b48475,4d28996b-f577-55fb-a546-f45c409284ce
79b21280-83b8-5a53-a7b4-654e06392d2c,4d28996b-f577-55fb-a546-f45c409284ce
17805404-3cdb-5e9d-af64-1913cd380fa4,44f9e318-0171-5a05-8ed6-a954e8e9b3bf
725a4c19-160b-516c-aa07-654f2b6d5394,4d28996b-f577-55fb-a546-f45c409284ce
09d04824-aa96-5a20-b362-25b27a623c2b,4d28996b-f577-55fb-a546-f45c409284ce
06c3086b-1548-55dd-9537-d96dce5ced60,e9c05d2c-086a-5ee6-87d9-18929737b758
a2388a37-a12c-5458-8a2e-2b561a4237cf,e9c05d2c-086a-5ee6-87d9-18929737b758
0be123fa-c01c-57e2-9ff6-a902a591b913,44f9e318-0171-5a05-8ed6-a954e8e9b3bf
e6715794-a526-5884-862b-39636ce20c8f,4d28996b-f577-55fb-a546-f45c409284ce
69036607-2826-5a47-8076-40bd52c3c144,4d28996b-f577-55fb-a546-f45c409284ce
b06c0380-7397-5bc9-84c0-6ba42c48b236,4d28996b-f577-55fb-a546-f45c409284ce
52881d86-5b45-5952-a0c2-1bd9d9192694,44f9e318-0171-5a05-8ed6-a954e8e9b3bf
a312f6c3-0803-5877-9085-87ca075659a0,4d28996b-f577-55fb-a546-f45c409284ce
12fe4bd3-5905-5638-ba1d-ead570ed8632,44f9e318-0171-5a05-8ed6-a954e8e9b3bf
f7324d47-b5db-5e5d-b19e-5b8d890971bb,44f9e318-0171-5a05-8ed6-a954e8e9b3bf
e841a918-ff8b-5e52-81e6-e65b88ebf145,44f9e318-0171-5a05-8ed6-a954e8e9b3bf
c7ef3e98-92af-5c60-95bd-7b970be9bc4e,44f9e318-0171-5a05-8ed6-a954e8e9b3bf
2c4aca1d-2fc7-52a5-8ea5-f504249c4039,44f9e318-0171-5a05-8ed6-a954e8e9b3bf
365df635-82ae-54cf-b018-f303e78c0bf1,44f9e318-0171-5a05-8ed6-a954e8e9b3bf
2e6a5836-efa3-5fc1-a159-4af91fbd1997,44f9e318-0171-5a05-8ed6-a954e8e9b3bf
58e804ae-0bb8-5804-a873-5760130950ce,4d28996b-f577-55fb-a546-f45c409284ce
133db35c-5dcc-5c5e-80ee-e37543f17767,44f9e318-0171-5a05-8ed6-a954e8e9b3bf
a9af7aa0-e671-5517-9af4-a4ebd685e5f1,44f9e318-0171-5a05-8ed6-a954e8e9b3bf
c4b6c1d9-041e-57ed-863e-08dd9ff12721,44f9e318-0171-5a05-8ed6-a954e8e9b3bf
70186020-884c-5a9f-ad2d-2e3015f49835,4d28996b-f577-55fb-a546-f45c409284ce
4c55eca5-9335-51ce-9a82-ea615b67c2cc,44f9e318-0171-5a05-8ed6-a954e8e9b3bf
8720e88b-a935-545b-994d-ff8147fd2f9c,44f9e318-0171-5a05-8ed6-a954e8e9b3bf
9bea8d7a-e35b-58a8-aef1-22f64d050399,44f9e318-0171-5a05-8ed6-a954e8e9b3bf
c41e27e9-fd5e-55d2-8a94-f78aec7741c3,44f9e318-0171-5a05-8ed6-a954e8e9b3bf
0adf74d3-d46f-571b-853b-08801739ae0e,44f9e318-0171-5a05-8ed6-a954e8e9b3bf
a8adcb21-ef71-5c8f-beac-743087106b7f,44f9e318-0171-5a05-8ed6-a954e8e9b3bf
0b2ca610-d907-531c-a0ad-77c5b4db95fc,44f9e318-0171-5a05-8ed6-a954e8e9b3bf
0d082faf-9710-5ef9-990e-302b539df354,44f9e318-0171-5a05-8ed6-a954e8e9b3bf
29f19ee6-f0bb-5295-b487-67249a3058c6,44f9e318-0171-5a05-8ed6-a954e8e9b3bf
48238635-5c63-5809-ae8f-ed6d5329dcac,44f9e318-0171-5a05-8ed6-a954e8e9b3bf
bf83290c-7b62-51db-8478-7fa1c4df7caf,44f9e318-0171-5a05-8ed6-a954e8e9b3bf
a325d40b-7a99-501d-9c89-46ee8135558c,44f9e318-0171-5a05-8ed6-a954e8e9b3bf
3d6d361c-5574-557e-9732-f27215e3a314,4d28996b-f577-55fb-a546-f45c409284ce
3822b48a-1018-5b13-b12d-2c13e0715605,4d28996b-f577-55fb-a546-f45c409284ce
f5b92492-4478-5de8-8947-b005ec3d276b,44f9e318-0171-5a05-8ed6-a954e8e9b3bf
d78763ef-7c1f-52af-b1f1-d43f1f8b0354,44f9e318-0171-5a05-8ed6-a954e8e9b3bf
b7248b94-ff9c-5361-a971-dc0f77eb9c4c,44f9e318-0171-5a05-8ed6-a954e8e9b3bf
0d40b9f1-6bbc-5247-9f09-33cde46ee64b,44f9e318-0171-5a05-8ed6-a954e8e9b3bf
48cad427-a58c-540d-b2d6-ee29d70443d9,44f9e318-0171-5a05-8ed6-a954e8e9b3bf
7c5069b3-acaa-5dda-a049-ae4d5d9879c6,44f9e318-0171-5a05-8ed6-a954e8e9b3bf
b28ce087-b837-53d6-929e-90b46efafc79,44f9e318-0171-5a05-8ed6-a954e8e9b3bf
c421784b-fe39-552d-b50c-74b6165312df,4d28996b-f577-55fb-a546-f45c409284ce
2c0e8a27-2c99-552b-b534-e7e8715f8f74,44f9e318-0171-5a05-8ed6-a954e8e9b3bf
5ac9a06d-1f80-526f-99e2-9d4d49df5a06,44f9e318-0171-5a05-8ed6-a954e8e9b3bf
16b83330-6e2a-5226-8d40-5faf9d84323a,44f9e318-0171-5a05-8ed6-a954e8e9b3bf
04e37d81-d0e7-5155-919e-2a74c6bfa536,44f9e318-0171-5a05-8ed6-a954e8e9b3bf
c8ec59d6-b9fc-59d6-bdbe-b3f422625af0,44f9e318-0171-5a05-8ed6-a954e8e9b3bf
aaede492-7415-5028-9383-903404ddb390,44f9e318-0171-5a05-8ed6-a954e8e9b3bf
027e9a30-b809-56d4-809d-1407d54f55ed,44f9e318-0171-5a05-8ed6-a954e8e9b3bf
ac046545-f918-5b47-a776-e226852037ce,44f9e318-0171-5a05-8ed6-a954e8e9b3bf
4cc4436e-aff3-5ac3-aaf9-602e20dcfc52,44f9e318-0171-5a05-8ed6-a954e8e9b3bf
8616cfae-30df-5c27-9bea-5416840424b9,4d28996b-f577-55fb-a546-f45c409284ce
22d0b00a-cb91-5352-8133-f74df18ec672,44f9e318-0171-5a05-8ed6-a954e8e9b3bf
0812b22b-1c4e-5b45-a2e6-72e56f75cd60,44f9e318-0171-5a05-8ed6-a954e8e9b3bf
d3455046-b9e5-55fe-a367-7341661d2a7b,4d28996b-f577-55fb-a546-f45c409284ce
806eab00-5d1d-5efc-81a7-80317732da10,4d28996b-f577-55fb-a546-f45c409284ce
c5219f1c-c69f-5c6d-b950-e032ef3042ab,4d28996b-f577-55fb-a546-f45c409284ce
0a9128de-f8f3-5dd5-a13d-0205aa7374da,4d28996b-f577-55fb-a546-f45c409284ce
42c5e25a-5c47-51d0-95f1-89c8833ddf18,44f9e318-0171-5a05-8ed6-a954e8e9b3bf
482a7315-8119-5c68-8b9a-89cb8a52ce06,44f9e318-0171-5a05-8ed6-a954e8e9b3bf
f75c8297-1e70-5fee-922e-0a0d41f139e0,4d28996b-f577-55fb-a546-f45c409284ce
e600d276-a158-5da5-b560-8b437d5b5d33,44f9e318-0171-5a05-8ed6-a954e8e9b3bf
ebc62768-9eac-5705-b33b-97d4a9182969,44f9e318-0171-5a05-8ed6-a954e8e9b3bf
0bdfa1e9-9ed4-5405-ba12-1b0bb2bbc9b2,4d28996b-f577-55fb-a546-f45c409284ce
09733117-f57a-5f24-8920-95060a48c276,44f9e318-0171-5a05-8ed6-a954e8e9b3bf
310035af-27c6-5f50-9717-140dd3471e35,44f9e318-0171-5a05-8ed6-a954e8e9b3bf
a1598f1c-93b2-5e56-ab52-276237abf3fb,44f9e318-0171-5a05-8ed6-a954e8e9b3bf
b3cf5776-24e3-5cf0-8602-c0b303bada9b,4d28996b-f577-55fb-a546-f45c409284ce
c895d2f0-36cc-5677-b6fe-79e982f998e2,e9c05d2c-086a-5ee6-87d9-18929737b758
16ff1c24-c854-5ddc-8308-c849e57a919f,4d28996b-f577-55fb-a546-f45c409284ce
2b91223c-c2fb-553c-98d9-41a936cce2d3,44f9e318-0171-5a05-8ed6-a954e8e9b3bf
6b6e48a6-da63-57a4-a4d1-88963bfbf832,e9c05d2c-086a-5ee6-87d9-18929737b758
a32d2528-0cdc-5cda-b168-0f3ef43184d1,44f9e318-0171-5a05-8ed6-a954e8e9b3bf
58f5e8ce-a2a4-541b-91fa-fd8719aa8205,44f9e318-0171-5a05-8ed6-a954e8e9b3bf
e2e0a22a-bb2d-5523-9ad1-1fe93d09e8d5,44f9e318-0171-5a05-8ed6-a954e8e9b3bf
c9c52a0d-65c2-57e9-b7b4-3d6a4dbfab39,44f9e318-0171-5a05-8ed6-a954e8e9b3bf
34e9e82d-7672-5f0c-802b-13c369030a04,44f9e318-0171-5a05-8ed6-a954e8e9b3bf
07bdd2ae-4b34-585e-b5e8-32ad4285081c,e9c05d2c-086a-5ee6-87d9-18929737b758
b9347d7f-8d1b-542e-874d-58725c02dff0,e9c05d2c-086a-5ee6-87d9-18929737b758
fd2c4cb5-1aba-5e32-a924-940f9fb505e2,e9c05d2c-086a-5ee6-87d9-18929737b758
b36e5ac4-0b10-54cd-b4b1-205708d2facb,4d28996b-f577-55fb-a546-f45c409284ce
8854ab9f-1b89-546b-808f-19f2be55562e,44f9e318-0171-5a05-8ed6-a954e8e9b3bf
250fffc2-42d6-527b-bea1-d01240847e14,e9c05d2c-086a-5ee6-87d9-18929737b758
d1378891-c988-54cf-99ae-ddae795dc0ff,4d28996b-f577-55fb-a546-f45c409284ce
13b6d5f0-c2ad-53df-8afc-f2bdd07ed934,e9c05d2c-086a-5ee6-87d9-18929737b758
d06db8d1-378a-56c9-8d68-8249e9c0f885,44f9e318-0171-5a05-8ed6-a954e8e9b3bf
e5d0b634-70f2-557e-a582-88b6120ebfbb,44f9e318-0171-5a05-8ed6-a954e8e9b3bf
c4596f06-f3be-5e2f-99d0-26bfc57850c6,e9c05d2c-086a-5ee6-87d9-18929737b758
b56435a2-1b36-50aa-9c36-771810b307b4,4d28996b-f577-55fb-a546-f45c409284ce
4351513a-e37a-5c9a-b04b-f1138723107d,e9c05d2c-086a-5ee6-87d9-18929737b758
61e35b17-e3a5-5f1b-a4ef-3041d9ee1d70,44f9e318-0171-5a05-8ed6-a954e8e9b3bf
eeff779e-c3ef-53ac-9e0c-338783fbe747,44f9e318-0171-5a05-8ed6-a954e8e9b3bf
ad4051b0-7026-53a6-aeb6-65cb9b8f849e,4d28996b-f577-55fb-a546-f45c409284ce
64e930e2-8f13-5b69-ae37-617ef157fba1,44f9e318-0171-5a05-8ed6-a954e8e9b3bf
5c19fc2a-7a74-5bcb-84f5-7c1a47e7a39b,44f9e318-0171-5a05-8ed6-a954e8e9b3bf
7e374a6c-4a95-5e66-8bf4-4ab4a93eff45,44f9e318-0171-5a05-8ed6-a954e8e9b3bf
4b5dc582-72c9-5e15-af76-a6d4b7fa4418,4d28996b-f577-55fb-a546-f45c409284ce
651f36c8-1b1b-5733-876f-4bff43878c00,4d28996b-f577-55fb-a546-f45c409284ce
60fa0099-f0bb-5c66-aaee-112373a5e040,44f9e318-0171-5a05-8ed6-a954e8e9b3bf
148626ea-fe7b-56a8-b8fe-0f90bff058e4,4d28996b-f577-55fb-a546-f45c409284ce
3f48d6d0-c0d6-5477-a3fe-25857bc2f1b7,44f9e318-0171-5a05-8ed6-a954e8e9b3bf
e95487d0-fcbe-5fde-8e37-31055088378c,44f9e318-0171-5a05-8ed6-a954e8e9b3bf
7ca4b42e-541e-5f91-8a88-a1f5ff07aeef,4d28996b-f577-55fb-a546-f45c409284ce
de61d71d-6ac9-5474-ae80-780168c74197,44f9e318-0171-5a05-8ed6-a954e8e9b3bf
66b0aeff-a8f0-5273-8dae-3ffc5909b607,44f9e318-0171-5a05-8ed6-a954e8e9b3bf
c88f34cc-e999-51ef-9f4b-007fa5e3b5c0,44f9e318-0171-5a05-8ed6-a954e8e9b3bf
cbdad3c2-d883-5bfa-a379-7e951998224e,44f9e318-0171-5a05-8ed6-a954e8e9b3bf
c55aafb4-db14-5cfc-8059-30dd6e28b85a,4d28996b-f577-55fb-a546-f45c409284ce
bb142bf1-081b-543b-b7ec-26084a486bf1,44f9e318-0171-5a05-8ed6-a954e8e9b3bf
c5513599-52a4-51e6-b301-e71dd5ec946a,44f9e318-0171-5a05-8ed6-a954e8e9b3bf
0543e5bf-e3f8-54bd-ad9a-d394ec9eacc3,4d28996b-f577-55fb-a546-f45c409284ce
8d198749-e975-539d-925a-319c17f9ba7f,44f9e318-0171-5a05-8ed6-a954e8e9b3bf
34d0c6cd-855e-5abf-9fc3-7f9259452e96,4d28996b-f577-55fb-a546-f45c409284ce
11d461ab-c0f0-5bf8-81aa-9a02856ce329,4d28996b-f577-55fb-a546-f45c409284ce
18253dc6-a55d-5658-b99c-34a7d7458bbc,44f9e318-0171-5a05-8ed6-a954e8e9b3bf
d564a7e8-ccf4-56f5-8c49-33bda6140a8e,4d28996b-f577-55fb-a546-f45c409284ce
cb9d0db2-da5b-53e7-9b95-9f78cb2217d1,44f9e318-0171-5a05-8ed6-a954e8e9b3bf
f777721d-b6ae-589e-a5bd-0a35f3a09b79,44f9e318-0171-5a05-8ed6-a954e8e9b3bf
2133a884-e73b-5916-b7be-f515cca1f0b4,44f9e318-0171-5a05-8ed6-a954e8e9b3bf
4bf792cb-f403-5326-a5d5-5c2cdde84cd9,44f9e318-0171-5a05-8ed6-a954e8e9b3bf
eacebfcd-bcfa-545e-8d12-ee9a28485e5c,44f9e318-0171-5a05-8ed6-a954e8e9b3bf
e5cfadba-cabc-5890-bf50-b2b948d5390c,44f9e318-0171-5a05-8ed6-a954e8e9b3bf
d75dd4ab-c568-5f08-bc3d-f9b269a15de1,44f9e318-0171-5a05-8ed6-a954e8e9b3bf
6a1f7915-ff30-5023-94b9-2006dccfe68e,44f9e318-0171-5a05-8ed6-a954e8e9b3bf
308787f9-973a-5723-b12d-3d558fe9c277,44f9e318-0171-5a05-8ed6-a954e8e9b3bf
fdebb45a-cea7-57d8-9306-8a39cdf9a849,44f9e318-0171-5a05-8ed6-a954e8e9b3bf
189a36a4-eb01-56d2-9238-5450a631fbad,44f9e318-0171-5a05-8ed6-a954e8e9b3bf
66bc99ea-7eeb-5a2a-a99a-e04e3707528d,44f9e318-0171-5a05-8ed6-a954e8e9b3bf
c63a762e-c8d6-5345-b935-3aebc9a6d717,44f9e318-0171-5a05-8ed6-a954e8e9b3bf
fb743fc0-c060-5475-979c-6581f3f146b7,44f9e318-0171-5a05-8ed6-a954e8e9b3bf
ebfe797a-440f-5dc1-b2e3-081af9d4074d,4d28996b-f577-55fb-a546-f45c409284ce
3c29d3b0-5c8e-54d8-abfb-f81ab71d445e,4d28996b-f577-55fb-a546-f45c409284ce
e2e8daa5-27ae-5032-a143-1566de65d958,44f9e318-0171-5a05-8ed6-a954e8e9b3bf
fbb9b425-c71c-5852-a3b9-e9ce608071b3,44f9e318-0171-5a05-8ed6-a954e8e9b3bf
acccaa8e-3c6a-5c78-8c40-66267cb13746,44f9e318-0171-5a05-8ed6-a954e8e9b3bf
82b6796d-67fe-547b-9bb7-df2fa034a54c,44f9e318-0171-5a05-8ed6-a954e8e9b3bf
feca1bc8-3a12-5c61-8e79-e97ab32e892b,4d28996b-f577-55fb-a546-f45c409284ce
f91599c1-c7bf-50e5-8929-bca74baf7096,44f9e318-0171-5a05-8ed6-a954e8e9b3bf
c5a64fed-00c5-5d36-a070-652eb9a3f906,44f9e318-0171-5a05-8ed6-a954e8e9b3bf
8e29d719-2bbc-5432-a7ae-01367973847c,44f9e318-0171-5a05-8ed6-a954e8e9b3bf
101f6533-1f52-5b07-861f-230d840cd7d1,44f9e318-0171-5a05-8ed6-a954e8e9b3bf
10f8e74b-f4ac-5bff-875a-4a4785cf17bc,e9c05d2c-086a-5ee6-87d9-18929737b758
55bf7639-9717-5b08-9d3d-5ff6a2e8637c,e9c05d2c-086a-5ee6-87d9-18929737b758
d43667d4-3687-5e37-9b62-1ca0e601d328,4d28996b-f577-55fb-a546-f45c409284ce
677224f8-2dfe-5f33-8de2-939e258ca43c,44f9e318-0171-5a05-8ed6-a954e8e9b3bf
dfd12612-41c0-5c0a-a312-6ca55c4a94ee,44f9e318-0171-5a05-8ed6-a954e8e9b3bf
1b270edb-a1a8-51cf-81ff-0e262e6a0d28,44f9e318-0171-5a05-8ed6-a954e8e9b3bf
25552333-d759-50f8-a78f-4310a72f2b7a,44f9e318-0171-5a05-8ed6-a954e8e9b3bf
d5051322-d35c-51f7-bb61-65c97f57ead1,44f9e318-0171-5a05-8ed6-a954e8e9b3bf
bda92ee3-ca56-5083-99eb-3bdf39edb11b,44f9e318-0171-5a05-8ed6-a954e8e9b3bf
a48dfa13-7743-5765-814b-4d158ac80284,44f9e318-0171-5a05-8ed6-a954e8e9b3bf
bb2df64f-9a6a-5957-9bbb-18ebc315d99e,44f9e318-0171-5a05-8ed6-a954e8e9b3bf
fa25df0c-7e47-59c6-ada0-8ad90d3894ca,44f9e318-0171-5a05-8ed6-a954e8e9b3bf
c987474f-80c0-5e5c-98fb-854714c81de8,44f9e318-0171-5a05-8ed6-a954e8e9b3bf
bbc3cdf7-bc2d-5eb5-b3a9-09962ccb45a7,44f9e318-0171-5a05-8ed6-a954e8e9b3bf
3dbb1af7-64d2-529f-ac50-bf38f9ef8ba0,4d28996b-f577-55fb-a546-f45c409284ce
b274f5b9-6472-50f8-b75a-d1f70bf9e8bd,4d28996b-f577-55fb-a546-f45c409284ce
4890222c-2c46-59e5-a34b-ecc9546be47d,44f9e318-0171-5a05-8ed6-a954e8e9b3bf
28f5b537-1c02-58d7-9512-8efaa3b8ed40,44f9e318-0171-5a05-8ed6-a954e8e9b3bf
6c419c04-47fa-559c-b172-c3901bc8084f,44f9e318-0171-5a05-8ed6-a954e8e9b3bf
4d447871-2398-549f-8e8a-977bfd260d28,44f9e318-0171-5a05-8ed6-a954e8e9b3bf
c025f700-bb0c-579b-8933-7adfb8b8ec47,44f9e318-0171-5a05-8ed6-a954e8e9b3bf
ed6f8446-d915-5d7e-93a0-3ebaa66f2709,44f9e318-0171-5a05-8ed6-a954e8e9b3bf
6800e957-18bb-57ee-b2b0-f6feb265b8a0,44f9e318-0171-5a05-8ed6-a954e8e9b3bf
8f58ae7b-244e-5687-a55c-2ad530cc36bc,44f9e318-0171-5a05-8ed6-a954e8e9b3bf
7d3f310e-5182-58ee-b068-c256ed16c4fc,44f9e318-0171-5a05-8ed6-a954e8e9b3bf
87d75af6-b926-5a27-a6db-6e20e3a9939c,44f9e318-0171-5a05-8ed6-a954e8e9b3bf
bb25cae1-60ef-5762-8273-dba0c66e77b2,44f9e318-0171-5a05-8ed6-a954e8e9b3bf
c74f9ef9-c99c-57aa-a47e-66aed2352421,44f9e318-0171-5a05-8ed6-a954e8e9b3bf
017f80ee-3b29-5cfb-b288-26001b87adf1,44f9e318-0171-5a05-8ed6-a954e8e9b3bf
05934750-0eda-5ccb-9c5e-bf7fc5708edd,44f9e318-0171-5a05-8ed6-a954e8e9b3bf
c5c8df3f-ad00-5e90-810a-86ab7dc3a42a,44f9e318-0171-5a05-8ed6-a954e8e9b3bf
07042a22-7dcb-5e7f-b32d-788f550ec25d,44f9e318-0171-5a05-8ed6-a954e8e9b3bf
8ba06b55-878c-5fbb-a790-519936d5da70,4d28996b-f577-55fb-a546-f45c409284ce
f4d026b4-4764-59e5-81aa-af870f224ab7,44f9e318-0171-5a05-8ed6-a954e8e9b3bf
10d8f661-d8d6-5f45-90bb-b0fee0ff85cf,44f9e318-0171-5a05-8ed6-a954e8e9b3bf
eee2d2b0-9a61-592d-8083-70cf37a06738,44f9e318-0171-5a05-8ed6-a954e8e9b3bf
12696264-37fd-5a1b-ba4d-f549337f29a5,44f9e318-0171-5a05-8ed6-a954e8e9b3bf
573d73e3-38c7-5874-b03c-9a04f495266e,44f9e318-0171-5a05-8ed6-a954e8e9b3bf
ca222d00-aabd-597d-b3c6-b9825ebb0c65,44f9e318-0171-5a05-8ed6-a954e8e9b3bf
0441b3da-cfee-597e-a4a0-aef656a4f11c,4d28996b-f577-55fb-a546-f45c409284ce
05c3e741-cac8-5a1a-ab69-e86ddf12b146,4d28996b-f577-55fb-a546-f45c409284ce
b6490ea0-6c38-5532-88fd-13afcdc444ea,44f9e318-0171-5a05-8ed6-a954e8e9b3bf
1e580e72-3a44-5f96-b68c-5a50e05bd910,44f9e318-0171-5a05-8ed6-a954e8e9b3bf
1c8ed55a-11cc-50f4-9081-7870f545eeb8,44f9e318-0171-5a05-8ed6-a954e8e9b3bf
2b10f0ad-cee1-5725-bf75-6a4f80b6506f,44f9e318-0171-5a05-8ed6-a954e8e9b3bf
8d9594e2-abfc-56fd-946c-dee4ac7d77ef,44f9e318-0171-5a05-8ed6-a954e8e9b3bf
d85d0ffa-5161-58d4-bbf0-2f6caec63524,44f9e318-0171-5a05-8ed6-a954e8e9b3bf
fb9eaef9-5574-5acf-a216-52add2b9424c,44f9e318-0171-5a05-8ed6-a954e8e9b3bf
4927d354-fd2e-5e1f-98d6-70399892cd84,44f9e318-0171-5a05-8ed6-a954e8e9b3bf
02d83592-a762-5d16-9c76-c78eed56f600,44f9e318-0171-5a05-8ed6-a954e8e9b3bf
93ab1efb-6b0b-54b2-9395-f3fff07a1793,44f9e318-0171-5a05-8ed6-a954e8e9b3bf
783918c7-3653-5a0d-92fc-bfbf37a7bda3,44f9e318-0171-5a05-8ed6-a954e8e9b3bf
3a18f5d0-25ef-59e5-91d4-85544e4060ee,44f9e318-0171-5a05-8ed6-a954e8e9b3bf
c9f1437c-ce80-55f6-9a8a-42e45d4098bc,4d28996b-f577-55fb-a546-f45c409284ce
62776ffd-33df-5814-a7be-742404bd7d76,4d28996b-f577-55fb-a546-f45c409284ce
3851f572-f9c2-58fb-a7a2-266ea3c5a685,4d28996b-f577-55fb-a546-f45c409284ce
6857546d-a9a9-52e5-ba9d-63204f1c4c64,44f9e318-0171-5a05-8ed6-a954e8e9b3bf
d8b63d93-cef6-5d61-b245-45aaf2a618c1,4d28996b-f577-55fb-a546-f45c409284ce
841c41c3-3c3c-5848-ac37-3195e519ec01,44f9e318-0171-5a05-8ed6-a954e8e9b3bf
7edccd5f-1026-562f-b89e-c6e306f724d5,44f9e318-0171-5a05-8ed6-a954e8e9b3bf
a3dae9c3-fa4d-56b2-9957-a5cf317e67c9,44f9e318-0171-5a05-8ed6-a954e8e9b3bf
a24c65ac-943b-58fe-be5d-67f55815cf90,44f9e318-0171-5a05-8ed6-a954e8e9b3bf
4dcb123e-c093-5c1c-acee-055e7396ee4d,44f9e318-0171-5a05-8ed6-a954e8e9b3bf
a7a5cd5b-3369-5bc3-ac88-2b2f7c8c55c0,44f9e318-0171-5a05-8ed6-a954e8e9b3bf
8bd04b14-bff1-5860-a23c-0fab895338a4,44f9e318-0171-5a05-8ed6-a954e8e9b3bf
0f407ba3-8154-5f17-ae2d-a77dd8b5f9d7,44f9e318-0171-5a05-8ed6-a954e8e9b3bf
5bff2887-47bb-561a-918f-5b0bf656ff6e,44f9e318-0171-5a05-8ed6-a954e8e9b3bf
fe1c2f34-486e-584a-b138-76b61836ed94,44f9e318-0171-5a05-8ed6-a954e8e9b3bf
a672a001-4814-5c20-b2e0-1c5e5a10d442,44f9e318-0171-5a05-8ed6-a954e8e9b3bf
aab87fea-1b5a-57f3-88eb-e1eb6bf72454,44f9e318-0171-5a05-8ed6-a954e8e9b3bf
cb7f9e5f-1105-5060-9946-69a1bd42e2ef,44f9e318-0171-5a05-8ed6-a954e8e9b3bf
65e957dd-f4e0-5c54-8fb9-b2de0342dcac,44f9e318-0171-5a05-8ed6-a954e8e9b3bf
0c328e5f-974f-532a-b864-48d54da39636,44f9e318-0171-5a05-8ed6-a954e8e9b3bf
22a34112-b350-512e-be93-defb6a2dce79,44f9e318-0171-5a05-8ed6-a954e8e9b3bf
9aadff23-78d4-5fa7-8901-acf0830db40a,44f9e318-0171-5a05-8ed6-a954e8e9b3bf
7b372146-6b9d-512d-9e62-f5491102788e,4d28996b-f577-55fb-a546-f45c409284ce
ed449991-a955-5946-aab9-ec588bbcb54f,4d28996b-f577-55fb-a546-f45c409284ce
5e96127f-ad50-5824-8958-a19c3312afbf,4d28996b-f577-55fb-a546-f45c409284ce
7042a4d9-fd16-5312-a879-f166167400c7,4d28996b-f577-55fb-a546-f45c409284ce
a933225b-401d-531a-89ee-dbc69cd26509,4d28996b-f577-55fb-a546-f45c409284ce
4b99f401-4fa2-5fae-b6f7-54f6a8018f64,4d28996b-f577-55fb-a546-f45c409284ce
aa74c072-89ae-5aa3-8367-f0a0e458dd78,4d28996b-f577-55fb-a546-f45c409284ce
b6cbc662-5296-5b2d-8357-3091829c6ff7,4d28996b-f577-55fb-a546-f45c409284ce
29b0098e-d885-58b0-aa2f-8c4730845d44,4d28996b-f577-55fb-a546-f45c409284ce
6b1c7aa5-117a-5b04-b1ba-064ecc48b490,4d28996b-f577-55fb-a546-f45c409284ce
5e473573-eeb1-5efc-ab58-7965f6b352de,4d28996b-f577-55fb-a546-f45c409284ce
a1e4c567-6c0b-5ee7-bb67-fca49924eb67,4d28996b-f577-55fb-a546-f45c409284ce
022f4cf8-28c3-5265-a731-0ac0167939f5,4d28996b-f577-55fb-a546-f45c409284ce
e46d08e4-4dcb-5edc-b499-d424ff43a143,44f9e318-0171-5a05-8ed6-a954e8e9b3bf
881494ad-b30f-5646-9e76-3f4e401be3b8,44f9e318-0171-5a05-8ed6-a954e8e9b3bf
73c48b77-82e3-57c7-befa-8d6a8b6cb275,4d28996b-f577-55fb-a546-f45c409284ce
6b6c0ffc-78e8-5d72-8be8-693853eeabf0,4d28996b-f577-55fb-a546-f45c409284ce
57886a2e-99e9-5917-b2bb-5ecc530cd964,4d28996b-f577-55fb-a546-f45c409284ce
b5690af0-bf9c-56af-b1b4-0a0a260f0790,4d28996b-f577-55fb-a546-f45c409284ce
4210d36a-aaba-58e0-b09a-f3c0be11842c,44f9e318-0171-5a05-8ed6-a954e8e9b3bf
d465f5b5-2e3f-58b6-ba09-17f525edc226,4d28996b-f577-55fb-a546-f45c409284ce
4b6f7209-2cf5-5565-bfb9-ffb558494d87,4d28996b-f577-55fb-a546-f45c409284ce
9164d96c-b9a1-5be3-b502-b69dbe9ccfe7,44f9e318-0171-5a05-8ed6-a954e8e9b3bf
9328ef4d-e3b6-598c-982b-10a43df8ff17,44f9e318-0171-5a05-8ed6-a954e8e9b3bf
65e800ab-421a-5090-8dc3-30a4b72e1aaa,44f9e318-0171-5a05-8ed6-a954e8e9b3bf
04488bd8-499f-51e2-a0d8-f6f5b4f1ae90,44f9e318-0171-5a05-8ed6-a954e8e9b3bf
9a0d7b3c-d4d8-5275-810c-c558f407077b,44f9e318-0171-5a05-8ed6-a954e8e9b3bf
53e7fe91-3752-5ce8-a4df-ad3166d8c3b7,4d28996b-f577-55fb-a546-f45c409284ce
b81ee6fa-fb72-59aa-8ff4-4e6c7db38b3f,4d28996b-f577-55fb-a546-f45c409284ce
3ab68457-a9b0-5d75-8137-57a0d5483d7f,44f9e318-0171-5a05-8ed6-a954e8e9b3bf
9c3d3a6f-a67a-5a57-a50e-7c28d14624c3,4d28996b-f577-55fb-a546-f45c409284ce
be4cd927-ef29-5741-8f05-e069a599eae6,4d28996b-f577-55fb-a546-f45c409284ce
45d318ee-e5a1-5bea-9e6e-d0811c68f08b,44f9e318-0171-5a05-8ed6-a954e8e9b3bf
05813bf9-c5be-5f4c-be76-ead83c9b1bf2,44f9e318-0171-5a05-8ed6-a954e8e9b3bf
544da498-b6e2-55b3-9626-fe39d3b53eee,44f9e318-0171-5a05-8ed6-a954e8e9b3bf
52fb8d4f-a655-5280-b1c3-6108ee4ad56f,44f9e318-0171-5a05-8ed6-a954e8e9b3bf
692953c6-d3b4-59a3-99ab-e28b78ba4217,4d28996b-f577-55fb-a546-f45c409284ce
31223b54-9fab-5f71-8907-07709ee5c191,4d28996b-f577-55fb-a546-f45c409284ce
83856184-8c2c-5995-be7b-3a2cf2e949b1,4d28996b-f577-55fb-a546-f45c409284ce
30f2a8fd-f863-5513-9574-bfde53d37cc3,4d28996b-f577-55fb-a546-f45c409284ce
8a5f7d1e-34cc-5f54-980f-4099dfef0cf7,4d28996b-f577-55fb-a546-f45c409284ce
b81df6fc-3157-5592-b024-5e7709837198,4d28996b-f577-55fb-a546-f45c409284ce
623e729b-eb0d-5436-840e-914b1e5fd7cc,44f9e318-0171-5a05-8ed6-a954e8e9b3bf
206c7668-4c43-55e5-bc69-b154408a1e8a,4d28996b-f577-55fb-a546-f45c409284ce
beb2c8cf-dbe1-5363-9bc0-607d0f70a57f,44f9e318-0171-5a05-8ed6-a954e8e9b3bf
8e989999-6fc2-5401-affa-942b3ffb11c8,44f9e318-0171-5a05-8ed6-a954e8e9b3bf
30b0e82b-5158-5bf2-9d15-1dc7a6bf4982,44f9e318-0171-5a05-8ed6-a954e8e9b3bf
c7d5a2c7-7245-5636-948d-41066d4b6559,4d28996b-f577-55fb-a546-f45c409284ce
90e0ef15-607a-5471-9874-549c19dd6207,44f9e318-0171-5a05-8ed6-a954e8e9b3bf
16ea02ee-99b2-5cea-b4b3-058be03d41a9,44f9e318-0171-5a05-8ed6-a954e8e9b3bf
32a1b83a-acf7-59e4-b98e-d3f96b404fa7,4d28996b-f577-55fb-a546-f45c409284ce
51debb96-1cea-5a67-b06c-2564e8a6bb1d,44f9e318-0171-5a05-8ed6-a954e8e9b3bf
1f10352c-e3da-5a47-a124-8cf77c381bbd,44f9e318-0171-5a05-8ed6-a954e8e9b3bf
b25f2344-803a-54d8-a24e-108fbaa31432,44f9e318-0171-5a05-8ed6-a954e8e9b3bf
b75abcf9-a8f9-5fc6-b34d-56504cbc501b,44f9e318-0171-5a05-8ed6-a954e8e9b3bf
3349deba-acb8-5536-8990-07dd2bcd3a5e,44f9e318-0171-5a05-8ed6-a954e8e9b3bf
f64c8f3c-fb37-50bb-9224-d05817f2cf57,44f9e318-0171-5a05-8ed6-a954e8e9b3bf
cd47af2e-6556-5d0b-bb11-fce49326d17d,44f9e318-0171-5a05-8ed6-a954e8e9b3bf
5b723c6f-3373-5e9f-98f2-118d7cf635fc,44f9e318-0171-5a05-8ed6-a954e8e9b3bf
eee11bab-1041-59da-a4d1-5f1bb475cf30,44f9e318-0171-5a05-8ed6-a954e8e9b3bf
25b14cca-d926-541f-b926-937a3966120c,44f9e318-0171-5a05-8ed6-a954e8e9b3bf
9e4faf5f-feea-59b9-82c7-fd606f50aeac,44f9e318-0171-5a05-8ed6-a954e8e9b3bf
bb6ed1ff-a2f9-53e5-b498-3b58ead0f7c9,44f9e318-0171-5a05-8ed6-a954e8e9b3bf
4a897a77-6326-5d78-be8b-47f76e58408a,44f9e318-0171-5a05-8ed6-a954e8e9b3bf
30998162-5552-52a0-9b07-cb18a1da5ac2,44f9e318-0171-5a05-8ed6-a954e8e9b3bf
62461e96-0e1f-592f-bab3-839e15fdc890,44f9e318-0171-5a05-8ed6-a954e8e9b3bf
7a0d12cd-ab4d-590c-84d3-64866c2ff129,44f9e318-0171-5a05-8ed6-a954e8e9b3bf
145bb965-f812-5c0d-a03d-72e453a79722,44f9e318-0171-5a05-8ed6-a954e8e9b3bf
3347fff4-1b46-5194-b737-26b60583db17,44f9e318-0171-5a05-8ed6-a954e8e9b3bf
114eb00a-638e-54c5-bc61-dae41532214c,44f9e318-0171-5a05-8ed6-a954e8e9b3bf
09f6a62f-a725-5bfc-a4aa-d6de4df39016,44f9e318-0171-5a05-8ed6-a954e8e9b3bf
fbe05cc1-ebcb-5999-9b8a-dddf70fd0a83,44f9e318-0171-5a05-8ed6-a954e8e9b3bf
46d8b065-176d-5e93-8cfb-ca6744864060,44f9e318-0171-5a05-8ed6-a954e8e9b3bf
c2d0e105-14eb-55e9-8c1b-24b6accb9cde,44f9e318-0171-5a05-8ed6-a954e8e9b3bf
e8f88548-a5ad-5cf5-8a2e-db7114a1cd35,44f9e318-0171-5a05-8ed6-a954e8e9b3bf
1913d52a-6b77-55a2-a5e0-b17f87324ef9,4d28996b-f577-55fb-a546-f45c409284ce
4aaad2a3-8318-5ba4-be53-bf7954f54469,44f9e318-0171-5a05-8ed6-a954e8e9b3bf
3f12ac0b-c71b-5b7a-8b34-89d5ec291801,44f9e318-0171-5a05-8ed6-a954e8e9b3bf
b926a22c-41d4-518f-b3ed-ba3d4ec12f59,4d28996b-f577-55fb-a546-f45c409284ce
7233f38b-e864-543b-8f63-3f8db8b5767c,4d28996b-f577-55fb-a546-f45c409284ce
f9dcc17e-d318-5b43-9a5d-e0d5e58ec28a,44f9e318-0171-5a05-8ed6-a954e8e9b3bf
a691002b-75af-52fd-b3a2-6fe8afd07fec,44f9e318-0171-5a05-8ed6-a954e8e9b3bf
5e28c636-f13f-5da4-a182-39760cc5ac9f,44f9e318-0171-5a05-8ed6-a954e8e9b3bf
f9cfae64-7e2a-5586-a3d6-a8db8f12bd17,4d28996b-f577-55fb-a546-f45c409284ce
63b91d88-b68d-5ebd-b905-83710d4f484c,44f9e318-0171-5a05-8ed6-a954e8e9b3bf
1a02b7a5-52ec-5d75-adf1-24bc489f3a29,44f9e318-0171-5a05-8ed6-a954e8e9b3bf
47805d97-d272-5d4b-979f-743e0d6342df,44f9e318-0171-5a05-8ed6-a954e8e9b3bf
e73fa131-00ce-5a1a-9a01-4acf57bfc1ae,44f9e318-0171-5a05-8ed6-a954e8e9b3bf
2ee8b848-5d8c-589e-b192-c19ec5e6b63a,44f9e318-0171-5a05-8ed6-a954e8e9b3bf
90a57dce-104a-583a-a306-7d9363d0a60a,44f9e318-0171-5a05-8ed6-a954e8e9b3bf
87bb06ab-49db-5f7e-af1f-24833692d625,4d28996b-f577-55fb-a546-f45c409284ce
d054d815-d7a1-5b6f-aaf7-2a729a794a0e,44f9e318-0171-5a05-8ed6-a954e8e9b3bf
651ec481-ceb1-5380-9b9f-af6af1c55f68,44f9e318-0171-5a05-8ed6-a954e8e9b3bf
184191c8-c403-5dfd-a25c-9f4915fee561,44f9e318-0171-5a05-8ed6-a954e8e9b3bf
1a3abe45-ee8d-53a4-828e-cfca8318999e,44f9e318-0171-5a05-8ed6-a954e8e9b3bf
8b135838-3817-5603-8ba8-ce1311ba3ee2,44f9e318-0171-5a05-8ed6-a954e8e9b3bf
8a6cfce7-4f95-5ca3-adaa-72799d82edd4,44f9e318-0171-5a05-8ed6-a954e8e9b3bf
9105c293-808b-531e-83f2-08b317cf5e00,44f9e318-0171-5a05-8ed6-a954e8e9b3bf
9e81bbda-ba87-5590-8c10-7d93eb7a0f3e,44f9e318-0171-5a05-8ed6-a954e8e9b3bf
397deecd-1470-52a1-820a-38a609cc6fce,44f9e318-0171-5a05-8ed6-a954e8e9b3bf
dbf6c0b3-7544-5274-848f-12c32454d598,44f9e318-0171-5a05-8ed6-a954e8e9b3bf
f55e97a2-a06b-58fd-b637-35510a699182,44f9e318-0171-5a05-8ed6-a954e8e9b3bf
59c9abf3-19b4-57dc-b35d-40a7a5a19d30,44f9e318-0171-5a05-8ed6-a954e8e9b3bf
f50feaf4-538f-53ac-a5da-f643d14d00ea,44f9e318-0171-5a05-8ed6-a954e8e9b3bf
751c6d5b-ad24-50ea-81ba-f5812edfc6ff,44f9e318-0171-5a05-8ed6-a954e8e9b3bf
c2f1c136-1e5d-5c63-9efe-a90bdf01c318,4d28996b-f577-55fb-a546-f45c409284ce
791a3c2b-120c-5335-84f6-6c25531b9b91,44f9e318-0171-5a05-8ed6-a954e8e9b3bf
8668c7bf-b22e-57e5-8189-e957b8ff916b,44f9e318-0171-5a05-8ed6-a954e8e9b3bf
32cdac52-125b-5f23-b008-e19fb06ad004,44f9e318-0171-5a05-8ed6-a954e8e9b3bf
9a1bf726-70db-5409-8fac-0e96f29d25ec,4d28996b-f577-55fb-a546-f45c409284ce
bfcb8388-f9de-5c1f-a093-9b17a8e4cdd5,4d28996b-f577-55fb-a546-f45c409284ce
1e9c320f-9812-531c-afa8-e35d25adce77,44f9e318-0171-5a05-8ed6-a954e8e9b3bf
301654d8-da81-58d0-b81f-07baff038826,44f9e318-0171-5a05-8ed6-a954e8e9b3bf
10f3ed08-0fcc-5295-b827-4575e31319b6,4d28996b-f577-55fb-a546-f45c409284ce
b497a691-f95f-5190-8c9d-05163cf0bac3,4d28996b-f577-55fb-a546-f45c409284ce
b6190fae-9f43-51f3-89bf-481566a58b8a,44f9e318-0171-5a05-8ed6-a954e8e9b3bf
3f06a722-0678-5c84-a538-8951f6f47301,44f9e318-0171-5a05-8ed6-a954e8e9b3bf
41bfa965-b333-531d-83fd-3cfba488ead6,4d28996b-f577-55fb-a546-f45c409284ce
40141e9a-2d59-5b1a-9c3f-5f61abd6598a,4d28996b-f577-55fb-a546-f45c409284ce
32edbbbe-5556-5081-bd08-80e29a10a0ce,44f9e318-0171-5a05-8ed6-a954e8e9b3bf
598cf8f5-299a-555b-aa52-08ab6219c3e9,44f9e318-0171-5a05-8ed6-a954e8e9b3bf
c7cac179-0ada-52d3-999d-8bf2c0ec4a21,44f9e318-0171-5a05-8ed6-a954e8e9b3bf
f295c9e5-6da5-59eb-8a95-41bf7c513da8,44f9e318-0171-5a05-8ed6-a954e8e9b3bf
b36cce09-e62d-579c-a5c0-9afa996fd0d8,44f9e318-0171-5a05-8ed6-a954e8e9b3bf
4d23ad26-5999-5db2-9ee0-41169026efc3,44f9e318-0171-5a05-8ed6-a954e8e9b3bf
1e0e1435-15ad-5c22-b421-7d542c66cc4c,44f9e318-0171-5a05-8ed6-a954e8e9b3bf
1a2f13b5-fefb-5123-b2a0-3eeb6d201d88,44f9e318-0171-5a05-8ed6-a954e8e9b3bf
1e5ec985-33eb-5fbf-b20d-c38efec783ef,44f9e318-0171-5a05-8ed6-a954e8e9b3bf
a70764ec-16d0-587c-bcda-c364f177cf06,44f9e318-0171-5a05-8ed6-a954e8e9b3bf
2faf36d6-58a9-500b-b160-2fde262193e5,44f9e318-0171-5a05-8ed6-a954e8e9b3bf
f1a4dd3c-e164-570c-85b8-caa697778c0e,44f9e318-0171-5a05-8ed6-a954e8e9b3bf
6ec76b51-3441-51fb-a707-64efeadec4ee,44f9e318-0171-5a05-8ed6-a954e8e9b3bf
10884155-d3de-58c3-aa2b-663e58acd5aa,44f9e318-0171-5a05-8ed6-a954e8e9b3bf
6e583dee-513b-5816-87d9-9260b56c11ad,44f9e318-0171-5a05-8ed6-a954e8e9b3bf
4ac4048e-a649-5d38-96fe-fa52371a3c68,4d28996b-f577-55fb-a546-f45c409284ce
332bd3d0-14aa-5c87-a62d-15c05e53141c,4d28996b-f577-55fb-a546-f45c409284ce
b01301d9-6b5c-5547-9e2e-84e13f800a12,44f9e318-0171-5a05-8ed6-a954e8e9b3bf
9872c050-946f-5b18-9cae-b9cfb472bb69,4d28996b-f577-55fb-a546-f45c409284ce
3c35ba2e-b62c-5469-9d27-659381e951d5,44f9e318-0171-5a05-8ed6-a954e8e9b3bf
87883c5d-3a99-5777-ad8b-ba6cddcf412c,44f9e318-0171-5a05-8ed6-a954e8e9b3bf
0b5272e7-7453-5cec-bfb9-dea3a86a3614,44f9e318-0171-5a05-8ed6-a954e8e9b3bf
1d3a5d2d-45ef-5e34-a6f2-0d916f373469,44f9e318-0171-5a05-8ed6-a954e8e9b3bf
3ab4180d-9802-5910-abd3-23972d4be30a,44f9e318-0171-5a05-8ed6-a954e8e9b3bf
4ea299b8-0186-5d05-8e21-81e72db39ff9,44f9e318-0171-5a05-8ed6-a954e8e9b3bf
7f78b3ff-1d6c-53ce-920a-32890343ef62,44f9e318-0171-5a05-8ed6-a954e8e9b3bf
8afcd669-d488-50c8-8b1a-816538e27f80,44f9e318-0171-5a05-8ed6-a954e8e9b3bf
b7fe0d7a-911e-5ac9-ae31-abb920b0aa80,44f9e318-0171-5a05-8ed6-a954e8e9b3bf
20d0680b-d092-5332-ac10-3785ee9d696d,44f9e318-0171-5a05-8ed6-a954e8e9b3bf
15a7ec73-6d51-5dd8-ba6c-65ea7ad3d0d0,44f9e318-0171-5a05-8ed6-a954e8e9b3bf
06c0a4db-2eb5-5da7-b233-d61a1a0ee062,44f9e318-0171-5a05-8ed6-a954e8e9b3bf
3b02abf1-13f1-59dc-8d66-58e8e94851f3,44f9e318-0171-5a05-8ed6-a954e8e9b3bf
662571f9-0fac-5dfe-aa71-73bd5c40e826,44f9e318-0171-5a05-8ed6-a954e8e9b3bf
d7efc782-88bb-5167-9183-0fb17a92d6d9,44f9e318-0171-5a05-8ed6-a954e8e9b3bf
135e7af3-8447-5362-b255-b9b5ae86fdf3,4d28996b-f577-55fb-a546-f45c409284ce
ee46ee2f-0752-5179-9318-54880a302901,44f9e318-0171-5a05-8ed6-a954e8e9b3bf
023722ab-8532-5c24-aac1-bce2343a92e8,44f9e318-0171-5a05-8ed6-a954e8e9b3bf
198677f4-d69d-5bd7-a851-ecfd8274e047,44f9e318-0171-5a05-8ed6-a954e8e9b3bf
1764a7f1-3a35-581a-ba3e-7d689498532e,44f9e318-0171-5a05-8ed6-a954e8e9b3bf
c4eb6109-e94d-52b0-b25a-eb3d433ba705,44f9e318-0171-5a05-8ed6-a954e8e9b3bf
cf755be5-771f-5c04-bc58-bd8de36e976b,44f9e318-0171-5a05-8ed6-a954e8e9b3bf
91974abf-b14e-55e3-b336-b1e39186ad35,4d28996b-f577-55fb-a546-f45c409284ce
4c0cc81f-ae01-5947-bd7f-8027591d3e33,4d28996b-f577-55fb-a546-f45c409284ce
16bcca4b-d1fc-5733-b96b-cfcada667c1c,e9c05d2c-086a-5ee6-87d9-18929737b758
81be50b0-8fba-54ae-862b-f3ed2202c111,4d28996b-f577-55fb-a546-f45c409284ce
5a385069-9829-5217-8cab-5f9617989fc9,4d28996b-f577-55fb-a546-f45c409284ce
42e39e09-ed8e-5a57-9a59-d33b8a89e1db,4d28996b-f577-55fb-a546-f45c409284ce
3eb80323-0adb-5839-8a18-b5d7de5a33a5,44f9e318-0171-5a05-8ed6-a954e8e9b3bf
04f61ddf-e7a7-523e-b35a-7c87ff56aaaa,44f9e318-0171-5a05-8ed6-a954e8e9b3bf
9568d053-b438-5730-950a-4f20bd8222d8,44f9e318-0171-5a05-8ed6-a954e8e9b3bf
379657a6-b7e8-5e32-a39b-55567e5a80e4,44f9e318-0171-5a05-8ed6-a954e8e9b3bf
d58fea43-08ad-56fb-9a61-b8e8633b8f8e,44f9e318-0171-5a05-8ed6-a954e8e9b3bf
27fdf35e-8df1-5205-94ef-134c3aec3440,44f9e318-0171-5a05-8ed6-a954e8e9b3bf
3bb97df3-fff6-54ab-bab4-b6d8e6767cf7,44f9e318-0171-5a05-8ed6-a954e8e9b3bf
0a525a48-b444-546e-a671-eb0a5f7195c5,44f9e318-0171-5a05-8ed6-a954e8e9b3bf
c1cbe967-2cbe-538d-bdd9-d9ae379807fc,44f9e318-0171-5a05-8ed6-a954e8e9b3bf
3126197e-8682-5b4c-80b2-0969337b4110,44f9e318-0171-5a05-8ed6-a954e8e9b3bf
d39856a6-b737-5dc7-a1ea-57e3a0314aa8,44f9e318-0171-5a05-8ed6-a954e8e9b3bf
a253ce94-a5a8-5c18-b2cb-5a3eaafdc7a3,44f9e318-0171-5a05-8ed6-a954e8e9b3bf
3aef43bc-7286-5092-b581-c6b40826b4b3,44f9e318-0171-5a05-8ed6-a954e8e9b3bf
c4947e07-27d8-5fea-9557-508275658fc1,44f9e318-0171-5a05-8ed6-a954e8e9b3bf
504386b6-ca17-553c-9926-5d56f33f0ba1,44f9e318-0171-5a05-8ed6-a954e8e9b3bf
731dc403-7f88-5b09-880a-20c3f6d54b71,4d28996b-f577-55fb-a546-f45c409284ce
17eb9f6c-8cf8-5d90-a70c-a8cf7ccc7ba3,44f9e318-0171-5a05-8ed6-a954e8e9b3bf
3049dde0-ca10-5acd-8ebf-e5c430e5162d,4d28996b-f577-55fb-a546-f45c409284ce
233d5101-9ac2-578b-891b-32074220fb00,44f9e318-0171-5a05-8ed6-a954e8e9b3bf
7e63ec95-0660-5926-9dba-e937670de3d9,44f9e318-0171-5a05-8ed6-a954e8e9b3bf
08335076-fa9a-53eb-807c-ddf154774140,44f9e318-0171-5a05-8ed6-a954e8e9b3bf
68dcf33b-b778-5f93-a7c0-14e15c599aaa,44f9e318-0171-5a05-8ed6-a954e8e9b3bf
bbf69597-13f7-5b87-9bce-d5e5983d6d4c,4d28996b-f577-55fb-a546-f45c409284ce
a0a8997e-6ed4-5a36-97bc-7d42a7d79496,e9c05d2c-086a-5ee6-87d9-18929737b758
539a6c79-0dc0-51bd-b016-890296a7cffb,4d28996b-f577-55fb-a546-f45c409284ce
4c0a0752-23dd-5833-a18f-43598bdf0433,44f9e318-0171-5a05-8ed6-a954e8e9b3bf
6e4e008d-b728-5fae-9f56-23f78a7c2145,44f9e318-0171-5a05-8ed6-a954e8e9b3bf
94fcbb04-5fa0-589f-886b-221fe1c9f606,44f9e318-0171-5a05-8ed6-a954e8e9b3bf
cf981ee9-f8a6-535e-a849-d0d47bf4e543,4d28996b-f577-55fb-a546-f45c409284ce
e9f64970-b337-5d5c-920e-1bb53b595cf8,44f9e318-0171-5a05-8ed6-a954e8e9b3bf
7f4e632a-4823-5812-9399-15359c8a4d1e,44f9e318-0171-5a05-8ed6-a954e8e9b3bf
aede25ea-9c61-5922-8983-5e40bb3fd864,44f9e318-0171-5a05-8ed6-a954e8e9b3bf
fac3fbaf-9e71-5fbd-9a93-22c824966482,44f9e318-0171-5a05-8ed6-a954e8e9b3bf
ffdd3725-36d8-57df-97d9-ef2443240c6d,44f9e318-0171-5a05-8ed6-a954e8e9b3bf
45d1aa79-3533-5936-ae9d-d5fd15060132,44f9e318-0171-5a05-8ed6-a954e8e9b3bf
c9b932ad-c553-5caa-81cb-95ee83aa9cc0,44f9e318-0171-5a05-8ed6-a954e8e9b3bf
313875b5-dfb3-532b-9293-6ed8fa70339b,44f9e318-0171-5a05-8ed6-a954e8e9b3bf
8a8cd66c-be24-577b-bad1-5a38df747f8c,44f9e318-0171-5a05-8ed6-a954e8e9b3bf
d12a95f0-5af2-5cf0-b88a-49a93f63de8c,44f9e318-0171-5a05-8ed6-a954e8e9b3bf
782878ef-987b-5b7b-ba02-8fcf33a08421,44f9e318-0171-5a05-8ed6-a954e8e9b3bf
b44f0467-d1d2-54f6-aafa-4b32dd8fc973,44f9e318-0171-5a05-8ed6-a954e8e9b3bf
e29bc356-530c-51b7-ae11-de7dd6f8f8cc,44f9e318-0171-5a05-8ed6-a954e8e9b3bf
8f238d26-b1e5-5c72-bd47-f4af22955960,44f9e318-0171-5a05-8ed6-a954e8e9b3bf
